Loc_name,Status,Score,Match_type,Match_addr,Addr_type,City,Postal,Country,Distance,X,Y,idm,year,rank_1,company_na,address,address2,city_1,zip,industry,foundingye,revenue,employees,growth,high,county,state_name,county_nam,state_code,cbsa,metro,full_name,FID_2,STATEFP,COUNTYFP,TRACTCE,GEOID,NAME,NAMELSAD,MTFCC,FUNCSTAT,ALAND,AWATER,INTPTLAT,INTPTLON
USA.PointAddress,M,100,A,"5457 Twin Knolls Rd, Columbia, Maryland, 21045",PointAddress,Columbia,21045,USA,0,-76.843775,39.220864,20111547,2011,1547,Agency Consulting Group,5457 Twin Knolls Road,Suite 301,Columbia,21045,Government Services,2004,12009897,64,1.789249,1,24027,MD,Howard County,24,12580,"Baltimore-Towson, MD Metropolitan Statistical Area","Baltimore-Towson, MD",7,24,27,606603,24027606603,6066.03,Census Tract 6066.03,G5020,S,4631692,0,39.2089096,-76.844854
USA.PointAddress,M,95.6,A,"640 Frederick Rd, Catonsville, Maryland, 21228",PointAddress,Catonsville,21228,USA,0,-76.731327,39.272098,20141286,2014,1286,Mindgrub,640 Frederick Rd, ,Baltimore,21228,Software,2002,3446983,40,3.3655,1,24005,MD,Baltimore County,24,12580,"Baltimore-Towson, MD Metropolitan Statistical Area","Baltimore-Towson, MD",11,24,5,400800,24005400800,4008,Census Tract 4008,G5020,S,1472872,0,39.2794434,-76.7353675
USA.PointAddress,M,100,A,"1009 Butterworth Ct, Stevensville, Maryland, 21666",PointAddress,Stevensville,21666,USA,0,-76.312542,38.974505,20083907,2008,3902,Thomas Associates Inc.,1009 Butterworth Court, ,Stevensville,21666,Government Services,1988,9775669,80,0.7664,1,24035,MD,Queen Anne's County,24,12580,"Baltimore-Towson, MD Metropolitan Statistical Area","Baltimore-Towson, MD",15,24,35,810901,24035810901,8109.01,Census Tract 8109.01,G5020,S,27177042,13688906,38.940139,-76.3357899
USA.StreetAddress,M,100,A,"125 Twin Cove Rd, Stevensville, Maryland, 21666",StreetAddress,Stevensville,21666,USA,0,-76.353187,38.884564,20080802,2008,799,Federal Concepts,125 Twin Cove Road, ,Stevensville,21666,IT Services,2001,6234735,49,4.447,1,24035,MD,Queen Anne's County,24,12580,"Baltimore-Towson, MD Metropolitan Statistical Area","Baltimore-Towson, MD",24,24,35,810902,24035810902,8109.02,Census Tract 8109.02,G5020,S,13886174,8403917,38.8599751,-76.3645444
USA.PointAddress,M,96.07,A,"1133 Greenwood Rd, Pikesville, Maryland, 21208",PointAddress,Pikesville,21208,USA,0,-76.733909,39.370726,20143157,2014,3157,DC Dental,1133 Greenwood Road, ,Baltimore,21208,Health,2002,43341525,95,1.1113,1,24005,MD,Baltimore County,24,12580,"Baltimore-Towson, MD Metropolitan Statistical Area","Baltimore-Towson, MD",26,24,5,403300,24005403300,4033,Census Tract 4033,G5020,S,1721044,4597,39.3660523,-76.7353449
USA.StreetAddress,M,100,A,"10950 Gilroy Rd, Hunt Valley, Maryland, 21031",StreetAddress,Hunt Valley,21031,USA,0,-76.660938,39.484857,20112183,2011,2183,Carchex,10950 Gilroy Road,Suite D,Hunt Valley,21031,Consumer Products & Services,2003,12545111,52,1.145425,1,24005,MD,Baltimore County,24,12580,"Baltimore-Towson, MD Metropolitan Statistical Area","Baltimore-Towson, MD",41,24,5,408400,24005408400,4084,Census Tract 4084,G5020,S,9960313,67816,39.4815609,-76.6522133
USA.PointAddress,M,100,A,"307 International Cir, Hunt Valley, Maryland, 21030",PointAddress,Hunt Valley,21030,USA,0,-76.664652,39.501324,20143735,2014,3735,ConnectYourCare,307 International Circle,Suite 200,Hunt Valley,21030,Health,2002,18588000,95,0.8466001,1,24005,MD,Baltimore County,24,12580,"Baltimore-Towson, MD Metropolitan Statistical Area","Baltimore-Towson, MD",41,24,5,408400,24005408400,4084,Census Tract 4084,G5020,S,9960313,67816,39.4815609,-76.6522133
USA.StreetAddress,M,92.08,A,"307 International Cir, Hunt Valley, Maryland, 21030",StreetAddress,Hunt Valley,21030,USA,0,-76.665001,39.499836,20143279,2014,3279,Heritage Financial Consultants,"307 International Circle, Suite 390","307 International Circle, Suite 390",Hunt Valley,21117,Financial Services,1999,18520679,76,1.0407,1,24005,MD,Baltimore County,24,12580,"Baltimore-Towson, MD Metropolitan Statistical Area","Baltimore-Towson, MD",41,24,5,408400,24005408400,4084,Census Tract 4084,G5020,S,9960313,67816,39.4815609,-76.6522133
USA.PointAddress,M,100,A,"201 Old Padonia Rd, Cockeysville, Maryland, 21030",PointAddress,Cockeysville,21030,USA,0,-76.637614,39.457183,20150913,2015,913,Symphony Placements,201 Old Padonia Road, ,Cockeysville,21030,Human Resources,2006,8414120,321,4.9187,1,24005,MD,Baltimore County,24,12580,"Baltimore-Towson, MD Metropolitan Statistical Area","Baltimore-Towson, MD",41,24,5,408400,24005408400,4084,Census Tract 4084,G5020,S,9960313,67816,39.4815609,-76.6522133
USA.PointAddress,M,100,A,"11350 McCormick Rd, Hunt Valley, Maryland, 21031",PointAddress,Hunt Valley,21031,USA,0,-76.658867,39.493167,20112278,2011,2278,TrainingPro,11350 McCormick Road,"Executive Plaza III, Suite 1001",Hunt Valley,21031,Education,0,11833322,30,1.07127,1,24005,MD,Baltimore County,24,12580,"Baltimore-Towson, MD Metropolitan Statistical Area","Baltimore-Towson, MD",41,24,5,408400,24005408400,4084,Census Tract 4084,G5020,S,9960313,67816,39.4815609,-76.6522133
USA.PointAddress,M,100,A,"9690 Deereco Rd, Timonium, Maryland, 21093",PointAddress,Timonium,21093,USA,0,-76.63998,39.453516,20080064,2008,64,Bill Me Later,9690 Deereco Road,7th Floor,Timonium,21093,Business Products & Services,2002,86034000,200,25.7352,1,24005,MD,Baltimore County,24,12580,"Baltimore-Towson, MD Metropolitan Statistical Area","Baltimore-Towson, MD",42,24,5,408505,24005408505,4085.05,Census Tract 4085.05,G5020,S,4061576,5404,39.4487877,-76.6217156
USA.Postal,M,100,A,"21230, Baltimore, Maryland",Postal,Baltimore,21230,USA,0,-76.610723,39.274875,20150994,2015,994,Arch Systems,"Arch Systems, LLC","1800 Washington Blvd, suite 421",Baltimore,21230,Government Services,2006,3863197,15,4.4151,1,24510,MD,Baltimore city,24,12580,"Baltimore-Towson, MD Metropolitan Statistical Area","Baltimore-Towson, MD",188,24,510,240300,24510240300,2403,Census Tract 2403,G5020,S,200561,0,39.2758586,-76.6105164
USA.StreetAddress,M,90.92,A,"921 E Fort Ave, Baltimore, Maryland, 21230",StreetAddress,Baltimore,21230,USA,0,-76.601114,39.271544,20092392,2009,2393,Passport Health,921 E. Fort Aveune,Suite 100,Baltimore,21230,Health,1994,56385978,28,1.268,1,24510,MD,Baltimore city,24,12580,"Baltimore-Towson, MD Metropolitan Statistical Area","Baltimore-Towson, MD",192,24,510,240400,24510240400,2404,Census Tract 2404,G5020,S,1204640,965344,39.2645268,-76.6055985
USA.PointAddress,M,100,A,"921 E Fort Ave, Baltimore, Maryland, 21230",PointAddress,Baltimore,21230,USA,0,-76.600581,39.271345,20102859,2010,2857,Studio 921 Salon & Day Spa,921 East Fort Avenue Suite 108, ,Baltimore,21230,Consumer Products & Services,2004,2300000,48,0.769,1,24510,MD,Baltimore city,24,12580,"Baltimore-Towson, MD Metropolitan Statistical Area","Baltimore-Towson, MD",192,24,510,240400,24510240400,2404,Census Tract 2404,G5020,S,1204640,965344,39.2645268,-76.6055985
USA.StreetAddress,M,100,A,"4000 Dillon St, Baltimore, Maryland, 21224",StreetAddress,Baltimore,21224,USA,0,-76.562888,39.281716,20132865,2013,2867,Intelect,4000 Dillon Street, ,Baltimore,21224,Engineering,1995,24084534,122,1.1941,1,24510,MD,Baltimore city,24,12580,"Baltimore-Towson, MD Metropolitan Statistical Area","Baltimore-Towson, MD",200,24,510,260900,24510260900,2609,Census Tract 2609,G5020,S,550659,0,39.2833026,-76.565649
USA.StreetAddress,M,100,A,"40 E Cross St, Baltimore, Maryland, 21230",StreetAddress,Baltimore,21230,USA,0,-76.612859,39.277011,20112296,2011,2296,Blue Sky Factory,40 East Cross Street, ,Baltimore,21230,Advertising & Marketing,2001,4760039,27,1.057388,1,24510,MD,Baltimore city,24,12580,"Baltimore-Towson, MD Metropolitan Statistical Area","Baltimore-Towson, MD",202,24,510,230200,24510230200,2302,Census Tract 2302,G5020,S,217597,0,39.2740126,-76.6134847
USA.PointAddress,M,100,A,"711 W 40th St, Baltimore, Maryland, 21211",PointAddress,Baltimore,21211,USA,0,-76.63068,39.337094,20083640,2008,3635,American Substance Abuse Professionals,711 W. 40th St.,Ste 235,Baltimore,21211,Business Products & Services,1999,2988835,30,0.8725,1,24510,MD,Baltimore city,24,12580,"Baltimore-Towson, MD Metropolitan Statistical Area","Baltimore-Towson, MD",211,24,510,130700,24510130700,1307,Census Tract 1307,G5020,S,1055552,0,39.3366684,-76.6316576
USA.PointAddress,M,100,A,"10490 Little Patuxent Pkwy, Columbia, Maryland, 21044",PointAddress,Columbia,21044,USA,0,-76.863673,39.211658,20131540,2013,1542,7Delta,10490 Little Patuxent Parkway,Suite 300,Columbia,21044,IT Services,2005,49613646,175,2.5798,1,24027,MD,Howard County,24,12580,"Baltimore-Towson, MD Metropolitan Statistical Area","Baltimore-Towson, MD",254,24,27,605402,24027605402,6054.02,Census Tract 6054.02,G5020,S,3606701,168743,39.218708,-76.8633421
USA.PointAddress,M,100,A,"10320 Little Patuxent Pkwy, Columbia, Maryland, 21044",PointAddress,Columbia,21044,USA,0,-76.857757,39.21464,20102818,2010,2816,a2z,10320 Little Patuxent Pkwy., ,Columbia,21044,Software,1998,4446068,33,0.8,1,24027,MD,Howard County,24,12580,"Baltimore-Towson, MD Metropolitan Statistical Area","Baltimore-Towson, MD",254,24,27,605402,24027605402,6054.02,Census Tract 6054.02,G5020,S,3606701,168743,39.218708,-76.8633421
USA.PointAddress,M,100,A,"5550 Sterrett Pl, Columbia, Maryland, 21044",PointAddress,Columbia,21044,USA,0,-76.857007,39.219138,20142425,2014,2425,IndiSoft,"5550 Sterrett Place, Suite 311","5550 Sterrett Place, Suite 311",Columbia,21044,Financial Services,2005,5172507,25,1.5861,1,24027,MD,Howard County,24,12580,"Baltimore-Towson, MD Metropolitan Statistical Area","Baltimore-Towson, MD",254,24,27,605402,24027605402,6054.02,Census Tract 6054.02,G5020,S,3606701,168743,39.218708,-76.8633421
USA.PointAddress,M,100,A,"10320 Little Patuxent Pkwy, Columbia, Maryland, 21044",PointAddress,Columbia,21044,USA,0,-76.857757,39.21464,20083163,2008,3156,Level One Personnel,10320 Little Patuxent Pkwy,Ste. 314,Columbia,21044,Human Resources,1999,4014906,389,1.0977,1,24027,MD,Howard County,24,12580,"Baltimore-Towson, MD Metropolitan Statistical Area","Baltimore-Towson, MD",254,24,27,605402,24027605402,6054.02,Census Tract 6054.02,G5020,S,3606701,168743,39.218708,-76.8633421
USA.PointAddress,M,100,A,"10480 Little Patuxent Pkwy, Columbia, Maryland, 21044",PointAddress,Columbia,21044,USA,0,-76.863213,39.211677,20102342,2010,2340,Pace Computer Solutions,10480 Little Patuxent Pkwy, ,Columbia,21044,IT Services,2002,12255874,100,1.073,1,24027,MD,Howard County,24,12580,"Baltimore-Towson, MD Metropolitan Statistical Area","Baltimore-Towson, MD",254,24,27,605402,24027605402,6054.02,Census Tract 6054.02,G5020,S,3606701,168743,39.218708,-76.8633421
USA.PointAddress,M,100,A,"5560 Sterrett Pl, Columbia, Maryland, 21044",PointAddress,Columbia,21044,USA,0,-76.857065,39.219147,20111133,2011,1133,Pen Boutique,5560 Sterrett Place,#115,Columbia,21044,Retail,0,2581623,17,2.624297,1,24027,MD,Howard County,24,12580,"Baltimore-Towson, MD Metropolitan Statistical Area","Baltimore-Towson, MD",254,24,27,605402,24027605402,6054.02,Census Tract 6054.02,G5020,S,3606701,168743,39.218708,-76.8633421
USA.PointAddress,M,100,A,"10420 Little Patuxent Pkwy, Columbia, Maryland, 21044",PointAddress,Columbia,21044,USA,0,-76.859919,39.211578,20152879,2015,2879,Phoenix TS,10420 Little Patuxent Parkway,Suite 500,Columbia,21044,Education,1998,5353734,19,1.2378,1,24027,MD,Howard County,24,12580,"Baltimore-Towson, MD Metropolitan Statistical Area","Baltimore-Towson, MD",254,24,27,605402,24027605402,6054.02,Census Tract 6054.02,G5020,S,3606701,168743,39.218708,-76.8633421
USA.PointAddress,M,100,A,"10215 Wincopin Cir, Columbia, Maryland, 21044",PointAddress,Columbia,21044,USA,0,-76.855623,39.216413,20143644,2014,3644,Red Arch Solutions,10215 Wincopin Circle, ,Columbia,21044,Government Services,2004,24531625,68,0.8836,1,24027,MD,Howard County,24,12580,"Baltimore-Towson, MD Metropolitan Statistical Area","Baltimore-Towson, MD",254,24,27,605402,24027605402,6054.02,Census Tract 6054.02,G5020,S,3606701,168743,39.218708,-76.8633421
USA.StreetAddress,M,92.43,A,"9250 Bendix Rd, Columbia, Maryland, 21045",StreetAddress,Columbia,21045,USA,0,-76.829462,39.235382,20121186,2012,1186,ArcSource Group,"9250 Bendix Rd, North", ,Columbia,21045,IT Services,2000,3050807,10,2.651,1,24027,MD,Howard County,24,12580,"Baltimore-Towson, MD Metropolitan Statistical Area","Baltimore-Towson, MD",257,24,27,602302,24027602302,6023.02,Census Tract 6023.02,G5020,S,7013544,14197,39.2398381,-76.8226239
USA.PointAddress,M,100,A,"8820 Columbia 100 Pkwy, Columbia, Maryland, 21045",PointAddress,Columbia,21045,USA,0,-76.814522,39.229905,20100950,2010,948,ELEVI Associates,8820 Columbia 100 Pkwy, ,Columbia,21045,IT Services,2002,3310834,21,3.134,1,24027,MD,Howard County,24,12580,"Baltimore-Towson, MD Metropolitan Statistical Area","Baltimore-Towson, MD",257,24,27,602302,24027602302,6023.02,Census Tract 6023.02,G5020,S,7013544,14197,39.2398381,-76.8226239
USA.StreetAddress,M,92.43,A,"9250 Bendix Rd, Columbia, Maryland, 21045",StreetAddress,Columbia,21045,USA,0,-76.829462,39.235382,20122530,2012,2529,Group Z,9250 Bendix Road North, ,Columbia,21045,IT Services,2001,3036274,23,0.958,1,24027,MD,Howard County,24,12580,"Baltimore-Towson, MD Metropolitan Statistical Area","Baltimore-Towson, MD",257,24,27,602302,24027602302,6023.02,Census Tract 6023.02,G5020,S,7013544,14197,39.2398381,-76.8226239
USA.PointAddress,M,100,A,"8860 Columbia 100 Pkwy, Columbia, Maryland, 21045",PointAddress,Columbia,21045,USA,0,-76.815531,39.231816,20110829,2011,830,MEDVAL,8860 Columbia 100 Parkway,Suite 308,Columbia,21045,Insurance,2003,6370470,43,3.7384,1,24027,MD,Howard County,24,12580,"Baltimore-Towson, MD Metropolitan Statistical Area","Baltimore-Towson, MD",257,24,27,602302,24027602302,6023.02,Census Tract 6023.02,G5020,S,7013544,14197,39.2398381,-76.8226239
USA.PointAddress,M,100,A,"10015 Old Columbia Rd, Columbia, Maryland, 21046",PointAddress,Columbia,21046,USA,0,-76.858141,39.174004,20111375,2011,1376,Custom Print Now,10015 Old Columbia Road,Suite B-215,Columbia,21046,Business Products & Services,0,3237000,8,2.071157,1,24027,MD,Howard County,24,12580,"Baltimore-Towson, MD Metropolitan Statistical Area","Baltimore-Towson, MD",260,24,27,606803,24027606803,6068.03,Census Tract 6068.03,G5020,S,4634101,98607,39.1694311,-76.8669228
USA.StreetAddress,M,100,A,"10005 Old Columbia Rd, Columbia, Maryland, 21046",StreetAddress,Columbia,21046,USA,0,-76.858166,39.174011,20153097,2015,3097,Unleashed Technologies,10005 Old Columbia Road,Suite L-261,Columbia,21046,Business Products & Services,2007,3447716,25,1.1181,1,24027,MD,Howard County,24,12580,"Baltimore-Towson, MD Metropolitan Statistical Area","Baltimore-Towson, MD",260,24,27,606803,24027606803,6068.03,Census Tract 6068.03,G5020,S,4634101,98607,39.1694311,-76.8669228
USA.PointAddress,M,100,A,"8171 Maple Lawn Blvd, Fulton, Maryland, 20759",PointAddress,Fulton,20759,USA,0,-76.905734,39.148467,20090658,2009,659,Havit Advertising,8171 Maple Lawn Blvd,Suite 350,Fulton,20759,Advertising & Marketing,2003,6715019,18,4.218,1,24027,MD,Howard County,24,12580,"Baltimore-Towson, MD Metropolitan Statistical Area","Baltimore-Towson, MD",265,24,27,605102,24027605102,6051.02,Census Tract 6051.02,G5020,S,37814458,848741,39.1656378,-76.925574
USA.PointAddress,M,96.85,A,"8171 Maple Lawn Blvd, Fulton, Maryland, 20759",PointAddress,Fulton,20759,USA,0,-76.905734,39.148467,20122362,2012,2362,Offit Kurman,8171 Maple Lawn Blvd.,Suite 200,Maple Lawn,20759,Business Products & Services,1987,35031270,157,1.051,1,24027,MD,Howard County,24,12580,"Baltimore-Towson, MD Metropolitan Statistical Area","Baltimore-Towson, MD",265,24,27,605102,24027605102,6051.02,Census Tract 6051.02,G5020,S,37814458,848741,39.1656378,-76.925574
USA.PointAddress,M,98.65,A,"2936 Odonnell St, Baltimore, Maryland, 21224",PointAddress,Baltimore,21224,USA,0,-76.574212,39.280418,20140992,2014,992,Keller Williams Legacy Partners,2936 O'Donnell St, ,Baltimore,21224,Real Estate,2008,8469484,280,4.532,1,24510,MD,Baltimore city,24,12580,"Baltimore-Towson, MD Metropolitan Statistical Area","Baltimore-Towson, MD",272,24,510,10100,24510010100,101,Census Tract 101,G5020,S,393198,148387,39.2786343,-76.5745793
USA.PointAddress,M,100,A,"415 S Central Ave, Baltimore, Maryland, 21202",PointAddress,Baltimore,21202,USA,0,-76.599186,39.285983,20152030,2015,2030,Groove Commerce,415 S Central Ave, ,Baltimore,21202,Advertising & Marketing,2007,4159000,50,1.9392,1,24510,MD,Baltimore city,24,12580,"Baltimore-Towson, MD Metropolitan Statistical Area","Baltimore-Towson, MD",273,24,510,30100,24510030100,301,Census Tract 301,G5020,S,427358,0,39.2894071,-76.5965747
USA.PointAddress,M,100,A,"2220 Boston St, Baltimore, Maryland, 21231",PointAddress,Baltimore,21231,USA,0,-76.584777,39.283336,20083621,2008,3616,Barcoding,2220 Boston St., ,Baltimore,21231,IT Services,1998,35520068,90,0.8817,1,24510,MD,Baltimore city,24,12580,"Baltimore-Towson, MD Metropolitan Statistical Area","Baltimore-Towson, MD",275,24,510,10400,24510010400,104,Census Tract 104,G5020,S,373743,558487,39.2785,-76.5797059
USA.PointAddress,M,100,A,"2400 Boston St, Baltimore, Maryland, 21224",PointAddress,Baltimore,21224,USA,0,-76.581576,39.281415,20120232,2012,232,Millennial Media,"2400 Boston Street, Suite 201", ,Baltimore,21224,Advertising & Marketing,2006,103700000,222,15.507,1,24510,MD,Baltimore city,24,12580,"Baltimore-Towson, MD Metropolitan Statistical Area","Baltimore-Towson, MD",275,24,510,10400,24510010400,104,Census Tract 104,G5020,S,373743,558487,39.2785,-76.5797059
USA.PointAddress,M,100,A,"2400 Boston St, Baltimore, Maryland, 21224",PointAddress,Baltimore,21224,USA,0,-76.581576,39.281415,20111635,2011,1635,R2integrated,2400 Boston St, ,Baltimore,21224,Advertising & Marketing,2004,9169000,70,1.661538,1,24510,MD,Baltimore city,24,12580,"Baltimore-Towson, MD Metropolitan Statistical Area","Baltimore-Towson, MD",275,24,510,10400,24510010400,104,Census Tract 104,G5020,S,373743,558487,39.2785,-76.5797059
USA.StreetAddress,M,100,A,"2700 Lighthouse Pt E, Baltimore, Maryland, 21224",StreetAddress,Baltimore,21224,USA,0,-76.57766,39.278389,20133303,2013,3305,SmartCEO,2700 Lighthouse Point East,Suite 220A,Baltimore,21224,Media,2001,4904358,38,0.96,1,24510,MD,Baltimore city,24,12580,"Baltimore-Towson, MD Metropolitan Statistical Area","Baltimore-Towson, MD",275,24,510,10400,24510010400,104,Census Tract 104,G5020,S,373743,558487,39.2785,-76.5797059
USA.PointAddress,M,100,A,"2081 Clipper Park Rd, Baltimore, Maryland, 21211",PointAddress,Baltimore,21211,USA,0,-76.647576,39.331194,20122545,2012,2544,Biohabitats,2081 Clipper Park Road, ,Baltimore,21211,Environmental Services,1988,11414000,54,0.95,1,24510,MD,Baltimore city,24,12580,"Baltimore-Towson, MD Metropolitan Statistical Area","Baltimore-Towson, MD",299,24,510,130806,24510130806,1308.06,Census Tract 1308.06,G5020,S,1402397,707,39.3346113,-76.6503321
USA.PointAddress,M,100,A,"2701 Washington Blvd, Baltimore, Maryland, 21230",PointAddress,Baltimore,21230,USA,0,-76.654582,39.264737,20120659,2012,659,Pharmacare,2701 Washington Blvd, ,Baltimore,21230,Health,2006,31391541,103,5.454,1,24510,MD,Baltimore city,24,12580,"Baltimore-Towson, MD Metropolitan Statistical Area","Baltimore-Towson, MD",310,24,510,250206,24510250206,2502.06,Census Tract 2502.06,G5020,S,2549601,18103,39.2660587,-76.6622617
USA.PointAddress,M,100,A,"7130 Minstrel Way, Columbia, Maryland, 21045",PointAddress,Columbia,21045,USA,0,-76.845331,39.178167,20142531,2014,2531,Russell Corrosion Consultants,7130 Minstrel Way,Suite 230,Columbia,21045,Engineering,1993,5446836,35,1.491,1,24027,MD,Howard County,24,12580,"Baltimore-Towson, MD Metropolitan Statistical Area","Baltimore-Towson, MD",311,24,27,606705,24027606705,6067.05,Census Tract 6067.05,G5020,S,1424289,27995,39.17942,-76.8380595
USA.PointAddress,M,100,A,"9891 Broken Land Pkwy, Columbia, Maryland, 21046",PointAddress,Columbia,21046,USA,0,-76.85103,39.185714,20080743,2008,740,"Applied Network Solutions, Inc.",9891 Broken Land Parkway,Suite 100,Columbia,21046,Government Services,1999,3439547,23,4.6838,1,24027,MD,Howard County,24,12580,"Baltimore-Towson, MD Metropolitan Statistical Area","Baltimore-Towson, MD",313,24,27,606701,24027606701,6067.01,Census Tract 6067.01,G5020,S,3626319,6280,39.1845223,-76.854749
USA.PointAddress,M,100,A,"9891 Broken Land Pkwy, Columbia, Maryland, 21046",PointAddress,Columbia,21046,USA,0,-76.85103,39.185714,20121119,2012,1119,Freedom Consulting Group,9891 Broken Land Parkway,Suite 106,Columbia,21046,Government Services,2004,15371979,53,2.822,1,24027,MD,Howard County,24,12580,"Baltimore-Towson, MD Metropolitan Statistical Area","Baltimore-Towson, MD",313,24,27,606701,24027606701,6067.01,Census Tract 6067.01,G5020,S,3626319,6280,39.1845223,-76.854749
USA.PointAddress,M,100,A,"6325 Woodside Ct, Columbia, Maryland, 21046",PointAddress,Columbia,21046,USA,0,-76.853127,39.194963,20141176,2014,1176,Waldon Studio Architects,6325 Woodside Court,Suite 310,Columbia,21046,Construction,2010,7384324,22,3.723,1,24027,MD,Howard County,24,12580,"Baltimore-Towson, MD Metropolitan Statistical Area","Baltimore-Towson, MD",313,24,27,606701,24027606701,6067.01,Census Tract 6067.01,G5020,S,3626319,6280,39.1845223,-76.854749
USA.PointAddress,M,100,A,"9175 Guilford Rd, Columbia, Maryland, 21046",PointAddress,Columbia,21046,USA,0,-76.840643,39.166358,20133704,2013,3705,Gantech,9175 Guilford Road,Suite 101,Columbia,21046,IT Services,1999,26428801,108,0.7936,1,24027,MD,Howard County,24,12580,"Baltimore-Towson, MD Metropolitan Statistical Area","Baltimore-Towson, MD",322,24,27,606804,24027606804,6068.04,Census Tract 6068.04,G5020,S,3040181,22045,39.1642175,-76.8468865
USA.PointAddress,M,100,A,"9175 Guilford Rd, Columbia, Maryland, 21046",PointAddress,Columbia,21046,USA,0,-76.840643,39.166358,20080214,2008,214,"GANTECH INC.,",9175 GUILFORD ROAD, ,COLUMBIA,21046,IT Services,1999,8351040,80,11.8415,1,24027,MD,Howard County,24,12580,"Baltimore-Towson, MD Metropolitan Statistical Area","Baltimore-Towson, MD",322,24,27,606804,24027606804,6068.04,Census Tract 6068.04,G5020,S,3040181,22045,39.1642175,-76.8468865
USA.PointAddress,M,100,A,"9130 Guilford Rd, Columbia, Maryland, 21046",PointAddress,Columbia,21046,USA,0,-76.844469,39.168617,20133192,2013,3194,Message Systems,9130 Guilford Road, ,Columbia,21046,Telecommunications,1997,22215603,134,1.0172,1,24027,MD,Howard County,24,12580,"Baltimore-Towson, MD Metropolitan Statistical Area","Baltimore-Towson, MD",322,24,27,606804,24027606804,6068.04,Census Tract 6068.04,G5020,S,3040181,22045,39.1642175,-76.8468865
USA.StreetAddress,M,100,A,"7 E Redwood St, Baltimore, Maryland, 21202",StreetAddress,Baltimore,21202,USA,0,-76.614132,39.288782,20082675,2008,2669,"CR Dynamics & Associates, Inc",7 E Redwood St,6 Fl,Baltimore,21202,Business Products & Services,1994,2528539,30,1.3654,1,24510,MD,Baltimore city,24,12580,"Baltimore-Towson, MD Metropolitan Statistical Area","Baltimore-Towson, MD",338,24,510,40100,24510040100,401,Census Tract 401,G5020,S,1191051,1430,39.2902247,-76.6145813
USA.Postal,M,100,A,"21202, Baltimore, Maryland",Postal,Baltimore,21202,USA,0,-76.611759,39.293717,20112906,2011,2905,DLA Piper, , ,Baltimore,21202,Business Products & Services,0,1961000000,3348,0.7285147,1,24510,MD,Baltimore city,24,12580,"Baltimore-Towson, MD Metropolitan Statistical Area","Baltimore-Towson, MD",338,24,510,40100,24510040100,401,Census Tract 401,G5020,S,1191051,1430,39.2902247,-76.6145813
USA.StreetAddress,M,100,A,"120 E Baltimore St, Baltimore, Maryland, 21202",StreetAddress,Baltimore,21202,USA,0,-76.612897,39.289637,20153046,2015,3046,Edge Hosting,120 E. Baltimore Street,Suite 1900,Baltimore,21202,IT Services,1998,15584437,62,1.1446,1,24510,MD,Baltimore city,24,12580,"Baltimore-Towson, MD Metropolitan Statistical Area","Baltimore-Towson, MD",338,24,510,40100,24510040100,401,Census Tract 401,G5020,S,1191051,1430,39.2902247,-76.6145813
USA.PointAddress,M,100,A,"500 E Pratt St, Baltimore, Maryland, 21202",PointAddress,Baltimore,21202,USA,0,-76.608183,39.286748,20091638,2009,1639,Metastorm,500 E. Pratt St.,Suite 1250,Baltimore,21202,Software,1996,74893791,320,1.959,1,24510,MD,Baltimore city,24,12580,"Baltimore-Towson, MD Metropolitan Statistical Area","Baltimore-Towson, MD",338,24,510,40100,24510040100,401,Census Tract 401,G5020,S,1191051,1430,39.2902247,-76.6145813
USA.PointAddress,M,100,A,"500 E Pratt St, Baltimore, Maryland, 21202",PointAddress,Baltimore,21202,USA,0,-76.608183,39.286748,20152091,2015,2091,Planit,500 E. Pratt Street,Suite 1000,Baltimore,21202,Advertising & Marketing,1994,17785000,78,1.8802,1,24510,MD,Baltimore city,24,12580,"Baltimore-Towson, MD Metropolitan Statistical Area","Baltimore-Towson, MD",338,24,510,40100,24510040100,401,Census Tract 401,G5020,S,1191051,1430,39.2902247,-76.6145813
USA.PointAddress,M,100,A,"8291 Patuxent Range Rd, Jessup, Maryland, 20794",PointAddress,Jessup,20794,USA,0,-76.798657,39.148246,20100872,2010,870,Ambient Bamboo Floors,8291 Patuxent Range Road, ,Jessup,20794,Construction,2005,2836960,12,3.46,1,24027,MD,Howard County,24,12580,"Baltimore-Towson, MD Metropolitan Statistical Area","Baltimore-Towson, MD",340,24,27,606901,24027606901,6069.01,Census Tract 6069.01,G5020,S,14618685,37496,39.1514751,-76.7947026
USA.PointAddress,M,100,A,"10620 Guilford Rd, Jessup, Maryland, 20794",PointAddress,Jessup,20794,USA,0,-76.802997,39.134605,20132578,2013,2580,ClearEdge IT Solutions,"10620 Guilford Road, Suite 200", ,Jessup,20794,Government Services,2002,16677748,66,1.3679,1,24027,MD,Howard County,24,12580,"Baltimore-Towson, MD Metropolitan Statistical Area","Baltimore-Towson, MD",340,24,27,606901,24027606901,6069.01,Census Tract 6069.01,G5020,S,14618685,37496,39.1514751,-76.7947026
USA.PointAddress,M,100,A,"10810 Guilford Rd, Annapolis Junction, Maryland, 20701",PointAddress,Annapolis Junction,20701,USA,0,-76.796546,39.131655,20080127,2008,127,"Earth Resources Technology, Inc.",10810 Guilford Rd.,Suite 105,Annapolis Junction,20701,Government Services,1996,24863045,285,16.5679,1,24027,MD,Howard County,24,12580,"Baltimore-Towson, MD Metropolitan Statistical Area","Baltimore-Towson, MD",340,24,27,606901,24027606901,6069.01,Census Tract 6069.01,G5020,S,14618685,37496,39.1514751,-76.7947026
USA.PointAddress,M,100,A,"10810 Guilford Rd, Annapolis Junction, Maryland, 20701",PointAddress,Annapolis Junction,20701,USA,0,-76.796546,39.131655,20100663,2010,661,ERT,"10810 Guilford Rd., Suite 105", ,Annapolis Junction,20701,Government Services,1996,49456000,342,4.603,1,24027,MD,Howard County,24,12580,"Baltimore-Towson, MD Metropolitan Statistical Area","Baltimore-Towson, MD",340,24,27,606901,24027606901,6069.01,Census Tract 6069.01,G5020,S,14618685,37496,39.1514751,-76.7947026
USA.PointAddress,M,100,A,"10907 Guilford Rd, Annapolis Junction, Maryland, 20701",PointAddress,Annapolis Junction,20701,USA,0,-76.794608,39.130626,20132870,2013,2872,Mazzuca Contracting,10907 Guilford Road,Suite A,Annapolis Junction,20701,Construction,2001,33649316,35,1.1913,1,24027,MD,Howard County,24,12580,"Baltimore-Towson, MD Metropolitan Statistical Area","Baltimore-Towson, MD",340,24,27,606901,24027606901,6069.01,Census Tract 6069.01,G5020,S,14618685,37496,39.1514751,-76.7947026
USA.PointAddress,M,100,A,"10907 Guilford Rd, Annapolis Junction, Maryland, 20701",PointAddress,Annapolis Junction,20701,USA,0,-76.794608,39.130626,20143511,2014,3511,NTC Mazzuca Contracting,10907 Guilford Road,Suite A,Annapolis Junction,20701,Real Estate,2001,37039801,34,0.9379,1,24027,MD,Howard County,24,12580,"Baltimore-Towson, MD Metropolitan Statistical Area","Baltimore-Towson, MD",340,24,27,606901,24027606901,6069.01,Census Tract 6069.01,G5020,S,14618685,37496,39.1514751,-76.7947026
USA.StreetAddress,M,100,A,"101 Log Canoe Cir, Stevensville, Maryland, 21666",StreetAddress,Stevensville,21666,USA,0,-76.318579,38.985514,20102005,2010,2003,FedConcepts,101 Log Canoe Circle, ,Stevensville,21666,Government Services,2000,10537035,59,1.332,1,24035,MD,Queen Anne's County,24,12580,"Baltimore-Towson, MD Metropolitan Statistical Area","Baltimore-Towson, MD",400,24,35,810800,24035810800,8108,Census Tract 8108,G5020,S,18807265,9621848,38.999354,-76.2995616
USA.StreetAddress,M,100,A,"146 Log Canoe Cir, Stevensville, Maryland, 21666",StreetAddress,Stevensville,21666,USA,0,-76.320216,38.986542,20133764,2013,3765,Miltec UV,146 Log Canoe Circle, ,Stevensville,21666,Manufacturing,1989,11795202,59,0.7699,1,24035,MD,Queen Anne's County,24,12580,"Baltimore-Towson, MD Metropolitan Statistical Area","Baltimore-Towson, MD",400,24,35,810800,24035810800,8108,Census Tract 8108,G5020,S,18807265,9621848,38.999354,-76.2995616
USA.StreetAddress,M,100,A,"1745 Jarrettsville Rd, Jarrettsville, Maryland, 21084",StreetAddress,Jarrettsville,21084,USA,0,-76.475437,39.605324,20102709,2010,2707,Jack's Small Engine & Generator Service,1745 Jarrettsville rd, ,jarrettsville,21084,Retail,1997,9711423,36,0.849,1,24025,MD,Harford County,24,12580,"Baltimore-Towson, MD Metropolitan Statistical Area","Baltimore-Towson, MD",402,24,25,304202,24025304202,3042.02,Census Tract 3042.02,G5020,S,49234309,94064,39.5971858,-76.4593368
USA.StreetAddress,M,100,A,"10045 Red Run Blvd, Owings Mills, Maryland, 21117",StreetAddress,Owings Mills,21117,USA,0,-76.779083,39.400349,20151717,2015,1717,Scepter Technologies,10045 Red Run Blvd,Suite 150,Owings Mills,21117,IT Services,2006,13544343,138,2.364,1,24005,MD,Baltimore County,24,12580,"Baltimore-Towson, MD Metropolitan Statistical Area","Baltimore-Towson, MD",436,24,5,402603,24005402603,4026.03,Census Tract 4026.03,G5020,S,6058585,35561,39.3851197,-76.7703009
USA.PointAddress,M,99.93,A,"8890 McDonogh Rd, Owings Mills, Maryland, 21117",PointAddress,Owings Mills,21117,USA,0,-76.785412,39.389888,20153180,2015,3180,Westminster American Insurance Company,"8890 McDonogh Road, Suite 310", ,Owings Mils,21117,Insurance,0,15133867,11,1.0723,1,24005,MD,Baltimore County,24,12580,"Baltimore-Towson, MD Metropolitan Statistical Area","Baltimore-Towson, MD",436,24,5,402603,24005402603,4026.03,Census Tract 4026.03,G5020,S,6058585,35561,39.3851197,-76.7703009
USA.PointAddress,M,100,A,"12226 Long Green Pike, Glen Arm, Maryland, 21057",PointAddress,Glen Arm,21057,USA,0,-76.491943,39.459124,20083511,2008,3506,Enabling Technologies,12226 Long Green Pike, ,Glen Arm,21057,IT Services,1992,8102000,38,0.9364,1,24005,MD,Baltimore County,24,12580,"Baltimore-Towson, MD Metropolitan Statistical Area","Baltimore-Towson, MD",439,24,5,411202,24005411202,4112.02,Census Tract 4112.02,G5020,S,33514308,1121758,39.4487491,-76.5124737
USA.PointAddress,M,100,A,"1302 Rising Ridge Rd, Mt Airy, Maryland, 21771",PointAddress,Mt Airy,21771,USA,0,-77.172082,39.366698,20101579,2010,1577,PCI Commercial Contracting,"1302 Rising Ridge Rd., #9", ,Mt. Airy,21771,Construction,1989,4602368,45,1.825,1,24013,MD,Carroll County,24,12580,"Baltimore-Towson, MD Metropolitan Statistical Area","Baltimore-Towson, MD",455,24,21,752001,24021752001,7520.01,Census Tract 7520.01,G5020,S,13401359,14729,39.3816577,-77.1772797
USA.PointAddress,M,100,A,"1302 Rising Ridge Rd, Mt Airy, Maryland, 21771",PointAddress,Mt Airy,21771,USA,0,-77.172082,39.366698,20091267,2009,1268,Rollins Construction,"1302 Rising Ridge Rd., #9",N/A,Mt. Airy,21771,Construction,1989,25910163,45,2.506,1,24013,MD,Carroll County,24,12580,"Baltimore-Towson, MD Metropolitan Statistical Area","Baltimore-Towson, MD",455,24,21,752001,24021752001,7520.01,Census Tract 7520.01,G5020,S,13401359,14729,39.3816577,-77.1772797
USA.PointAddress,M,100,A,"20 Liberty St, Westminster, Maryland, 21157",PointAddress,Westminster,21157,USA,0,-76.997273,39.574373,20101842,2010,1840,The Barbour Group,20 Liberty St, ,Westminster,21157,Insurance,2003,3964559,5,1.485,1,24013,MD,Carroll County,24,12580,"Baltimore-Towson, MD Metropolitan Statistical Area","Baltimore-Towson, MD",461,24,13,507702,24013507702,5077.02,Census Tract 5077.02,G5020,S,13802631,64725,39.5515591,-77.0263815
USA.StreetAddress,M,95.37,A,"8015 Corporate Dr, Nottingham, Maryland, 21236",StreetAddress,Nottingham,21236,USA,0,-76.469853,39.367498,20101889,2010,1887,Atlantic Remodeling,8015 Corporate Drive, ,Baltimore,21236,Construction,2000,7915215,120,1.439,1,24005,MD,Baltimore County,24,12580,"Baltimore-Towson, MD Metropolitan Statistical Area","Baltimore-Towson, MD",470,24,5,440600,24005440600,4406,Census Tract 4406,G5020,S,6130274,14443,39.3714528,-76.4818923
USA.PointAddress,M,96.16,A,"7923 Honeygo Blvd, Nottingham, Maryland, 21236",PointAddress,Nottingham,21236,USA,0,-76.472149,39.372744,20140743,2014,743,HostVentures.com,7923 Honeygo Blvd.,Suite 212,White Marsh,21236,IT Services,2002,12548324,58,6.1253,1,24005,MD,Baltimore County,24,12580,"Baltimore-Towson, MD Metropolitan Statistical Area","Baltimore-Towson, MD",470,24,5,440600,24005440600,4406,Census Tract 4406,G5020,S,6130274,14443,39.3714528,-76.4818923
USA.StreetAddress,M,95.68,A,"8989 Yellow Brick Rd, Rosedale, Maryland, 21237",StreetAddress,Rosedale,21237,USA,0,-76.47481,39.342684,20153936,2015,3936,True Citrus,8989 Yellow Brick Road, ,Baltimore,21237,Food & Beverage,2003,15129599,28,0.7525,1,24005,MD,Baltimore County,24,12580,"Baltimore-Towson, MD Metropolitan Statistical Area","Baltimore-Towson, MD",472,24,5,451200,24005451200,4512,Census Tract 4512,G5020,S,5036177,2805,39.3371528,-76.4698689
USA.StreetAddress,M,100,A,"9015 Maier Rd, Laurel, Maryland, 20723",StreetAddress,Laurel,20723,USA,0,-76.823615,39.11947,20080377,2008,377,HUNT Consulting,9015 B Maier Rd, ,Laurel,20723,Energy,1999,7019469,31,7.9971,1,24027,MD,Howard County,24,12580,"Baltimore-Towson, MD Metropolitan Statistical Area","Baltimore-Towson, MD",505,24,27,606904,24027606904,6069.04,Census Tract 6069.04,G5020,S,2302908,5798,39.1215959,-76.8308664
USA.StreetAddress,M,100,A,"9045 Maier Rd, Laurel, Maryland, 20723",StreetAddress,Laurel,20723,USA,0,-76.824341,39.119884,20081684,2008,1680,TyrrellTech,9045A Maier Road, ,Laurel,20723,Business Products & Services,1997,4796997,14,2.2412,1,24027,MD,Howard County,24,12580,"Baltimore-Towson, MD Metropolitan Statistical Area","Baltimore-Towson, MD",505,24,27,606904,24027606904,6069.04,Census Tract 6069.04,G5020,S,2302908,5798,39.1215959,-76.8308664
USA.Postal,M,100,A,"21222, Dundalk, Maryland",Postal,Dundalk,21222,USA,0,-76.52261,39.262801,20132649,2013,2651,Three Dog Logistics,PO Box 21805, ,Baltimore,21222,Logistics & Transportation,2004,14726291,10,1.324,1,24005,MD,Baltimore County,24,12580,"Baltimore-Towson, MD Metropolitan Statistical Area","Baltimore-Towson, MD",520,24,5,420900,24005420900,4209,Census Tract 4209,G5020,S,1034832,0,39.2626709,-76.5219015
USA.PointAddress,M,100,A,"2400 Longstone Ln, Marriottsville, Maryland, 21104",PointAddress,Marriottsville,21104,USA,0,-76.896778,39.308946,20111324,2011,1325,Enterprise Solutions Realized,2400 Longstone Lane,Suite 203,Marriottsville,21104,IT Services,2004,5628402,28,2.1745,1,24027,MD,Howard County,24,12580,"Baltimore-Towson, MD Metropolitan Statistical Area","Baltimore-Towson, MD",528,24,27,603001,24027603001,6030.01,Census Tract 6030.01,G5020,S,24728935,57708,39.3279761,-76.8942412
USA.StreetAddress,M,90.92,A,"2205 Warwick Way, Marriottsville, Maryland, 21104",StreetAddress,Marriottsville,21104,USA,0,-76.894608,39.308007,20131770,2013,1772,Sales Focus,2205 Warwick Lane,Suite 320,Marriottsville,21104,Business Products & Services,1998,8571931,185,2.168,1,24027,MD,Howard County,24,12580,"Baltimore-Towson, MD Metropolitan Statistical Area","Baltimore-Towson, MD",528,24,27,603001,24027603001,6030.01,Census Tract 6030.01,G5020,S,24728935,57708,39.3279761,-76.8942412
USA.StreetAddress,M,92.08,A,"8955 Henkels Ln, Annapolis Junction, Maryland, 20701",StreetAddress,Annapolis Junction,20701,USA,0,-76.792988,39.125218,20130140,2013,140,Astrum Solar,8955 Henkels Lane,Suite 508,Annapolis Junction,21224,Energy,2007,41036109,200,26.6522,1,24510,MD,Baltimore city,24,12580,"Baltimore-Towson, MD Metropolitan Statistical Area","Baltimore-Towson, MD",530,24,27,606905,24027606905,6069.05,Census Tract 6069.05,G5020,S,9163201,114167,39.1372261,-76.8231905
USA.PointAddress,M,100,A,"10010 Junction Dr, Annapolis Junction, Maryland, 20701",PointAddress,Annapolis Junction,20701,USA,0,-76.798398,39.124343,20120966,2012,966,Axom Technologies,10010 Junction Drive, ,Annapolis Junction,20701,Government Services,2004,14135307,74,3.33,1,24027,MD,Howard County,24,12580,"Baltimore-Towson, MD Metropolitan Statistical Area","Baltimore-Towson, MD",530,24,27,606905,24027606905,6069.05,Census Tract 6069.05,G5020,S,9163201,114167,39.1372261,-76.8231905
USA.PointAddress,M,100,A,"10010 Junction Dr, Annapolis Junction, Maryland, 20701",PointAddress,Annapolis Junction,20701,USA,0,-76.798398,39.124343,20112176,2011,2176,Tanager,"10010 Junction Drive, S120N", ,Annapolis Junction,20701,IT Services,1996,16556040,108,1.147505,1,24027,MD,Howard County,24,12580,"Baltimore-Towson, MD Metropolitan Statistical Area","Baltimore-Towson, MD",530,24,27,606905,24027606905,6069.05,Census Tract 6069.05,G5020,S,9163201,114167,39.1372261,-76.8231905
USA.StreetAddress,M,100,A,"425 Williams Ct, Middle River, Maryland, 21220",StreetAddress,Middle River,21220,USA,0,-76.407793,39.362684,20153363,2015,3363,Social Solutions Global,425 Williams Court,Suite 100,Middle River,21220,Software,2000,24543842,176,0.9838,1,24005,MD,Baltimore County,24,12580,"Baltimore-Towson, MD Metropolitan Statistical Area","Baltimore-Towson, MD",542,24,5,451701,24005451701,4517.01,Census Tract 4517.01,G5020,S,16162743,280463,39.3526374,-76.4210352
USA.StreetAddress,M,100,A,"10529 Old Court Rd, Woodstock, Maryland, 21163",StreetAddress,Woodstock,21163,USA,0,-76.849529,39.343395,20101655,2010,1653,IMC Consulting,10529 Old Court Road, ,Woodstock,21163,Government Services,2001,7611546,14,1.72,1,24027,MD,Howard County,24,12580,"Baltimore-Towson, MD Metropolitan Statistical Area","Baltimore-Towson, MD",559,24,5,402202,24005402202,4022.02,Census Tract 4022.02,G5020,S,20636668,252189,39.3270958,-76.8184186
USA.StreetAddress,M,100,A,"101 John St, Westminster, Maryland, 21157",StreetAddress,Westminster,21157,USA,0,-76.993167,39.579587,20140903,2014,903,Arocon Roofing and Construction,101 R John St,Suite R,Westminster,21157,Construction,2008,9949700,50,4.9554,1,24013,MD,Carroll County,24,12580,"Baltimore-Towson, MD Metropolitan Statistical Area","Baltimore-Towson, MD",588,24,13,507601,24013507601,5076.01,Census Tract 5076.01,G5020,S,24329211,187365,39.612989,-76.9799846
USA.PointAddress,M,100,A,"2901 Dede Rd, Finksburg, Maryland, 21048",PointAddress,Finksburg,21048,USA,0,-76.882097,39.495751,20083416,2008,3410,Phillips Way,2901 Dede Road,Suite A,Finksburg,21048,Construction,1993,43000000,80,0.9763,1,24013,MD,Carroll County,24,12580,"Baltimore-Towson, MD Metropolitan Statistical Area","Baltimore-Towson, MD",606,24,13,504100,24013504100,5041,Census Tract 5041,G5020,S,37225195,318022,39.5322347,-76.8964892
USA.StreetAddress,M,100,A,"5397 Enterprise St, Sykesville, Maryland, 21784",StreetAddress,Sykesville,21784,USA,0,-76.999084,39.427326,20152042,2015,2042,Absolute Perfection,5397 Enterprise St, ,Sykesville,21784,Business Products & Services,2001,2153677,18,1.9305,1,24013,MD,Carroll County,24,12580,"Baltimore-Towson, MD Metropolitan Statistical Area","Baltimore-Towson, MD",607,24,13,514100,24013514100,5141,Census Tract 5141,G5020,S,31693500,58767,39.4453298,-76.9943458
USA.PointAddress,M,100,A,"655 Tanglewood Dr, Eldersburg, Maryland, 21784",PointAddress,Eldersburg,21784,USA,0,-76.973625,39.421038,20102335,2010,2333,Advantage Engineering & IT Solutions,655 Tanglewood Drive, ,Eldersburg,21784,Government Services,2004,5577000,28,1.078,1,24013,MD,Carroll County,24,12580,"Baltimore-Towson, MD Metropolitan Statistical Area","Baltimore-Towson, MD",607,24,13,514100,24013514100,5141,Census Tract 5141,G5020,S,31693500,58767,39.4453298,-76.9943458
USA.PointAddress,M,100,A,"1514 Jabez Run, Millersville, Maryland, 21108",PointAddress,Millersville,21108,USA,0,-76.632001,39.074304,20081433,2008,1429,"BGC - BUILDERGURU CONTRACTING, INC.",1514 JABEZ RUN,SUITE 101,Millersville,21108,Construction,2003,12308091,14,2.6355,1,24003,MD,Anne Arundel County,24,12580,"Baltimore-Towson, MD Metropolitan Statistical Area","Baltimore-Towson, MD",612,24,3,740800,24003740800,7408,Census Tract 7408,G5020,S,20370909,25677,39.0607461,-76.6598596
USA.PointAddress,M,100,A,"1514 Jabez Run, Millersville, Maryland, 21108",PointAddress,Millersville,21108,USA,0,-76.632001,39.074304,20093038,2009,3039,BuilderGuru Contracting,1514 JABEZ RUN,SUITE 101,Millersville,21108,Construction,2003,8357011,15,0.9,1,24003,MD,Anne Arundel County,24,12580,"Baltimore-Towson, MD Metropolitan Statistical Area","Baltimore-Towson, MD",612,24,3,740800,24003740800,7408,Census Tract 7408,G5020,S,20370909,25677,39.0607461,-76.6598596
USA.StreetAddress,M,100,A,"190 Admiral Cochrane Dr, Annapolis, Maryland, 21401",StreetAddress,Annapolis,21401,USA,0,-76.548965,38.971911,20102577,2010,2575,Annapolis Micro Systems,190 Admiral Cochrane Drive, ,Annapolis,21401,Computer Hardware,1982,18846905,55,0.915,1,24003,MD,Anne Arundel County,24,12580,"Baltimore-Towson, MD Metropolitan Statistical Area","Baltimore-Towson, MD",613,24,3,702402,24003702402,7024.02,Census Tract 7024.02,G5020,S,12297434,1106723,38.9765291,-76.5659981
USA.PointAddress,M,100,A,"2200 Somerville Rd, Annapolis, Maryland, 21401",PointAddress,Annapolis,21401,USA,0,-76.539317,38.983016,20143859,2014,3859,Federal Staffing Resources,2200 Somerville Road,Suite 300,Annapolis,21401,Government Services,2004,28680400,347,0.7995,1,24003,MD,Anne Arundel County,24,12580,"Baltimore-Towson, MD Metropolitan Statistical Area","Baltimore-Towson, MD",613,24,3,702402,24003702402,7024.02,Census Tract 7024.02,G5020,S,12297434,1106723,38.9765291,-76.5659981
USA.PointAddress,M,100,A,"2200 Somerville Rd, Annapolis, Maryland, 21401",PointAddress,Annapolis,21401,USA,0,-76.539317,38.983016,20141459,2014,1459,Immersion Consulting,2200 Somerville Rd,Suite 100,Annapolis,21401,Government Services,2004,16016879,56,2.933,1,24003,MD,Anne Arundel County,24,12580,"Baltimore-Towson, MD Metropolitan Statistical Area","Baltimore-Towson, MD",613,24,3,702402,24003702402,7024.02,Census Tract 7024.02,G5020,S,12297434,1106723,38.9765291,-76.5659981
USA.PointAddress,M,100,A,"201 Defense Hwy, Annapolis, Maryland, 21401",PointAddress,Annapolis,21401,USA,0,-76.567358,38.986853,20102691,2010,2689,NMR Consulting,201 Defense Highway, ,Annapolis,21401,Government Services,1997,16634703,100,0.857,1,24003,MD,Anne Arundel County,24,12580,"Baltimore-Towson, MD Metropolitan Statistical Area","Baltimore-Towson, MD",613,24,3,702402,24003702402,7024.02,Census Tract 7024.02,G5020,S,12297434,1106723,38.9765291,-76.5659981
USA.PointAddress,M,100,A,"130 Lubrano Dr, Annapolis, Maryland, 21401",PointAddress,Annapolis,21401,USA,0,-76.552307,38.987738,20102565,2010,2563,The Squires Group,130 Lubrano Drive, ,Annapolis,21401,IT Services,1994,26539498,143,0.922,1,24003,MD,Anne Arundel County,24,12580,"Baltimore-Towson, MD Metropolitan Statistical Area","Baltimore-Towson, MD",613,24,3,702402,24003702402,7024.02,Census Tract 7024.02,G5020,S,12297434,1106723,38.9765291,-76.5659981
USA.PointAddress,M,100,A,"197 Defense Hwy, Annapolis, Maryland, 21401",PointAddress,Annapolis,21401,USA,0,-76.562879,38.986503,20101977,2010,1975,USGC,197 Defense Highway, ,Annapolis,21401,Government Services,1999,2829718,55,1.358,1,24003,MD,Anne Arundel County,24,12580,"Baltimore-Towson, MD Metropolitan Statistical Area","Baltimore-Towson, MD",613,24,3,702402,24003702402,7024.02,Census Tract 7024.02,G5020,S,12297434,1106723,38.9765291,-76.5659981
USA.PointAddress,M,100,A,"3760 Tanglewood Ln, Davidsonville, Maryland, 21035",PointAddress,Davidsonville,21035,USA,0,-76.658999,38.907017,20092288,2009,2289,Newport Partners,3760 Tanglewood Lane,N/A,Davidsonville,21035,Engineering,2002,2170194,6,1.353,1,24003,MD,Anne Arundel County,24,12580,"Baltimore-Towson, MD Metropolitan Statistical Area","Baltimore-Towson, MD",617,24,3,701300,24003701300,7013,Census Tract 7013,G5020,S,101098448,0,38.8895132,-76.6408656
USA.StreetAddress,M,100,A,"485 Ritchie Hwy, Severna Park, Maryland, 21146",StreetAddress,Severna Park,21146,USA,0,-76.549333,39.081569,20111070,2011,1070,The Imagine Companies,485 Ritchie Highway, ,Severna Park,21146,Business Products & Services,0,2060000,8,2.814815,1,24003,MD,Anne Arundel County,24,12580,"Baltimore-Towson, MD Metropolitan Statistical Area","Baltimore-Towson, MD",618,24,3,731203,24003731203,7312.03,Census Tract 7312.03,G5020,S,8157742,561139,39.1000975,-76.5476869
USA.PointAddress,M,100,A,"53 Old Solomons Island Rd, Annapolis, Maryland, 21401",PointAddress,Annapolis,21401,USA,0,-76.535928,38.9793,20152637,2015,2637,Mavenspire,"53 Old Solomons Island Road Suite H Annapolis, MD 21401", ,Annapolis,21401,IT Services,1999,6885480,20,1.3963,1,24003,MD,Anne Arundel County,24,12580,"Baltimore-Towson, MD Metropolitan Statistical Area","Baltimore-Towson, MD",621,24,3,706500,24003706500,7065,Census Tract 7065,G5020,S,2867878,54878,38.9744714,-76.5187837
USA.StreetAddress,M,100,A,"1 Park Pl, Annapolis, Maryland, 21401",StreetAddress,Annapolis,21401,USA,0,-76.503521,38.976404,20122341,2012,2341,Towne Park,1 Park Place,Suite 200,Annapolis,21401,Human Resources,1988,156700000,6700,1.067,1,24003,MD,Anne Arundel County,24,12580,"Baltimore-Towson, MD Metropolitan Statistical Area","Baltimore-Towson, MD",621,24,3,706500,24003706500,7065,Census Tract 7065,G5020,S,2867878,54878,38.9744714,-76.5187837
USA.StreetAddress,M,100,A,"275 West St, Annapolis, Maryland, 21401",StreetAddress,Annapolis,21401,USA,0,-76.502951,38.976418,20110164,2011,165,Zenoss,275 West Street,Suite 204,Annapolis,21401,Software,0,8433256,62,17.89483,1,24003,MD,Anne Arundel County,24,12580,"Baltimore-Towson, MD Metropolitan Statistical Area","Baltimore-Towson, MD",621,24,3,706500,24003706500,7065,Census Tract 7065,G5020,S,2867878,54878,38.9744714,-76.5187837
USA.StreetAddress,M,100,A,"1131 Benfield Blvd, Millersville, Maryland, 21108",StreetAddress,Millersville,21108,USA,0,-76.632661,39.094342,20141130,2014,1130,CFM Engineering,1131 Benfield Blvd.,Suite J,Millersville,21108,Construction,2002,22386739,43,3.9005,1,24003,MD,Anne Arundel County,24,12580,"Baltimore-Towson, MD Metropolitan Statistical Area","Baltimore-Towson, MD",622,24,3,741000,24003741000,7410,Census Tract 7410,G5020,S,16713864,0,39.0964542,-76.6531894
USA.PointAddress,M,100,A,"303 Najoles Rd, Millersville, Maryland, 21108",PointAddress,Millersville,21108,USA,0,-76.627497,39.08737,20112275,2011,2275,OpalStaff,303 Najoles Road, ,Millersville,21108,Human Resources,0,6930989.8,10,1.073362,1,24003,MD,Anne Arundel County,24,12580,"Baltimore-Towson, MD Metropolitan Statistical Area","Baltimore-Towson, MD",622,24,3,741000,24003741000,7410,Census Tract 7410,G5020,S,16713864,0,39.0964542,-76.6531894
USA.PointAddress,M,100,A,"2431 Solomons Island Rd, Annapolis, Maryland, 21401",PointAddress,Annapolis,21401,USA,0,-76.540133,38.976635,20091983,2009,1984,Netcordia,2431 Solomons Island Road,N/A,Annapolis,21401,Software,2000,9706661,63,1.612,1,24003,MD,Anne Arundel County,24,12580,"Baltimore-Towson, MD Metropolitan Statistical Area","Baltimore-Towson, MD",624,24,3,702500,24003702500,7025,Census Tract 7025,G5020,S,7347539,2848979,38.96222,-76.5264133
USA.PointAddress,M,100,A,"2701 Technology Dr, Annapolis Junction, Maryland, 20701",PointAddress,Annapolis Junction,20701,USA,0,-76.775944,39.121025,20152329,2015,2329,BRIDGES Consulting,2701 Technology Drive,Suite 210,Annapolis Junction,20701,Government Services,2000,35413803,109,1.6511,1,24027,MD,Howard County,24,12580,"Baltimore-Towson, MD Metropolitan Statistical Area","Baltimore-Towson, MD",625,24,3,740102,24003740102,7401.02,Census Tract 7401.02,G5020,S,18508532,0,39.1497533,-76.7508054
USA.PointAddress,M,100,A,"133 National Business Pkwy, Annapolis Junction, Maryland, 20701",PointAddress,Annapolis Junction,20701,USA,0,-76.774961,39.124436,20112595,2011,2595,Proteus Technologies,133 National Business Parkway,Suite 150,Annapolis Junction,20701,Software,1999,28818307,159,0.8947195,1,24027,MD,Howard County,24,12580,"Baltimore-Towson, MD Metropolitan Statistical Area","Baltimore-Towson, MD",625,24,3,740102,24003740102,7401.02,Census Tract 7401.02,G5020,S,18508532,0,39.1497533,-76.7508054
USA.StreetAddress,M,100,A,"8028 Ritchie Hwy, Pasadena, Maryland, 21122",StreetAddress,Pasadena,21122,USA,0,-76.592719,39.129218,20083290,2008,3284,"Sleep Solutions, Inc.",8028 Ritchie Hwy,Suite 120,Pasadena,21122,Health,1992,2573865,18,1.0278,1,24003,MD,Anne Arundel County,24,12580,"Baltimore-Towson, MD Metropolitan Statistical Area","Baltimore-Towson, MD",631,24,3,730502,24003730502,7305.02,Census Tract 7305.02,G5020,S,3948535,0,39.1307486,-76.6083071
USA.PointAddress,M,97.2,A,"1615 Knecht Ave, Halethorpe, Maryland, 21227",PointAddress,Halethorpe,21227,USA,0,-76.67963,39.257793,20093090,2009,3091,Performance Technology Group,1615 Knecht Avenue,N/A,Baltimore,21227,IT Services,1996,8904337,60,0.874,1,24005,MD,Baltimore County,24,12580,"Baltimore-Towson, MD Metropolitan Statistical Area","Baltimore-Towson, MD",632,24,5,430400,24005430400,4304,Census Tract 4304,G5020,S,7197334,5225,39.2463792,-76.6781742
USA.PointAddress,M,97.2,A,"1730 Twin Springs Rd, Halethorpe, Maryland, 21227",PointAddress,Halethorpe,21227,USA,0,-76.670562,39.254998,20081120,2008,1116,"Varia Systems, Inc.",1730 Twin Springs Rd.,Suite 211,Baltimore,21227,Computer Hardware,2002,6755680,40,3.3669,1,24005,MD,Baltimore County,24,12580,"Baltimore-Towson, MD Metropolitan Statistical Area","Baltimore-Towson, MD",632,24,5,430400,24005430400,4304,Census Tract 4304,G5020,S,7197334,5225,39.2463792,-76.6781742
USA.StreetName,M,88.65,A,"Allen Ln, Columbia, Maryland, 21045",StreetName,Columbia,21045,USA,0,-76.803977,39.188312,20121698,2012,1698,Allen & Shariff,Allen,7061 Deepage Drive,Columbia,21045,Construction,1993,64596211,187,1.694,1,24027,MD,Howard County,24,12580,"Baltimore-Towson, MD Metropolitan Statistical Area","Baltimore-Towson, MD",640,24,27,606706,24027606706,6067.06,Census Tract 6067.06,G5020,S,3965894,2028,39.192432,-76.8031659
USA.StreetAddress,M,100,A,"6230 Old Dobbin Ln, Columbia, Maryland, 21045",StreetAddress,Columbia,21045,USA,0,-76.813921,39.200441,20152849,2015,2849,GiftCardRescue.com,6230 Old Dobbin Lane,Ste 190,Columbia,21045,Consumer Products & Services,2008,10090513,12,1.2574,1,24027,MD,Howard County,24,12580,"Baltimore-Towson, MD Metropolitan Statistical Area","Baltimore-Towson, MD",640,24,27,606706,24027606706,6067.06,Census Tract 6067.06,G5020,S,3965894,2028,39.192432,-76.8031659
USA.PointAddress,M,100,A,"6011 University Blvd, Ellicott City, Maryland, 21043",PointAddress,Ellicott City,21043,USA,0,-76.797429,39.209867,20121722,2012,1722,nTech Solutions,6011 UNIVERSITY BLV,SUITE 100,Ellicott City,21043,IT Services,2005,3528245,40,1.657,1,24027,MD,Howard County,24,12580,"Baltimore-Towson, MD Metropolitan Statistical Area","Baltimore-Towson, MD",641,24,27,601105,24027601105,6011.05,Census Tract 6011.05,G5020,S,3218086,8690,39.2231108,-76.8008117
USA.PointAddress,M,100,A,"6011 University Blvd, Ellicott City, Maryland, 21043",PointAddress,Ellicott City,21043,USA,0,-76.797429,39.209867,20111555,2011,1555,Trusant Technologies,6011 University Blvd,Suite 400,Ellicott City,21043,Government Services,0,9066757,37,1.776859,1,24027,MD,Howard County,24,12580,"Baltimore-Towson, MD Metropolitan Statistical Area","Baltimore-Towson, MD",641,24,27,601105,24027601105,6011.05,Census Tract 6011.05,G5020,S,3218086,8690,39.2231108,-76.8008117
USA.StreetAddress,M,100,A,"2127 Espey Ct, Crofton, Maryland, 21114",StreetAddress,Crofton,21114,USA,0,-76.698547,38.989433,20153818,2015,3818,InstallNET International,2127 Espey Court,Suite 300,Crofton,21114,Business Products & Services,1996,19420000,35,0.7939,1,24003,MD,Anne Arundel County,24,12580,"Baltimore-Towson, MD Metropolitan Statistical Area","Baltimore-Towson, MD",661,24,3,702300,24003702300,7023,Census Tract 7023,G5020,S,40672161,993113,38.9721265,-76.6535183
USA.PointAddress,M,100,A,"808 Landmark Dr, Glen Burnie, Maryland, 21061",PointAddress,Glen Burnie,21061,USA,0,-76.642558,39.148166,20112775,2011,2774,Convergence Technology Consulting,808 LANDMARK DR,SUITE 213,GLEN BURNIE,21061,IT Services,2002,21423000,49,0.796478,1,24003,MD,Anne Arundel County,24,12580,"Baltimore-Towson, MD Metropolitan Statistical Area","Baltimore-Towson, MD",663,24,3,740201,24003740201,7402.01,Census Tract 7402.01,G5020,S,5320975,0,39.1422532,-76.6459781
USA.StreetAddress,M,100,A,"806 Landmark Dr, Glen Burnie, Maryland, 21061",StreetAddress,Glen Burnie,21061,USA,0,-76.640275,39.147278,20082157,2008,2150,Peart-Hannon Consulting,806 Landmark Drive,Suite 126,Glen Burnie,21061,IT Services,2002,6148922,32,1.7128,1,24003,MD,Anne Arundel County,24,12580,"Baltimore-Towson, MD Metropolitan Statistical Area","Baltimore-Towson, MD",663,24,3,740201,24003740201,7402.01,Census Tract 7402.01,G5020,S,5320975,0,39.1422532,-76.6459781
USA.Postal,M,100,A,"21401, Annapolis, Maryland",Postal,Annapolis,21401,USA,0,-76.493265,38.978235,20131541,2013,1543,Orbis Technologies,Orbis Technologies,"180 Admiral Cochrane Drive, Suite 305",Annapolis,21401,IT Services,2006,9644195,56,2.5764,1,24003,MD,Anne Arundel County,24,12580,"Baltimore-Towson, MD Metropolitan Statistical Area","Baltimore-Towson, MD",686,24,3,706101,24003706101,7061.01,Census Tract 7061.01,G5020,S,1212319,253508,38.9772243,-76.492289
USA.StreetAddress,M,100,A,"151 West St, Annapolis, Maryland, 21401",StreetAddress,Annapolis,21401,USA,0,-76.498989,38.977539,20151562,2015,1562,Trace,151 West St, ,Annapolis,21401,Business Products & Services,2007,4501532,30,2.6164,1,24003,MD,Anne Arundel County,24,12580,"Baltimore-Towson, MD Metropolitan Statistical Area","Baltimore-Towson, MD",686,24,3,706101,24003706101,7061.01,Census Tract 7061.01,G5020,S,1212319,253508,38.9772243,-76.492289
USA.StreetAddress,M,92.08,M,"7361 Coca Cola Dr, Hanover, Maryland, 21076",StreetAddress,Hanover,21076,USA,0,-76.72894466,39.18775598,20112107,2011,2107,Convergence Marketing,7361A Coca Cola Drive, ,Hanover,21638,Business Products & Services,2001,27980859,4200,1.195663,1,24035,MD,Queen Anne's County,24,12580,"Baltimore-Towson, MD Metropolitan Statistical Area","Baltimore-Towson, MD",739,24,27,601204,24027601204,6012.04,Census Tract 6012.04,G5020,S,7015393,18528,39.191697,-76.7424073
USA.PointAddress,M,100,A,"6679 Santa Barbara Rd, Elkridge, Maryland, 21075",PointAddress,Elkridge,21075,USA,0,-76.745303,39.189517,20130227,2013,228,LINQ Services,6679 Santa Barbara Road,Elkridge,Elkridge,21075,Business Products & Services,2006,57481082,25,18.9241,1,24027,MD,Howard County,24,12580,"Baltimore-Towson, MD Metropolitan Statistical Area","Baltimore-Towson, MD",739,24,27,601204,24027601204,6012.04,Census Tract 6012.04,G5020,S,7015393,18528,39.191697,-76.7424073
USA.PointAddress,M,100,A,"7361 Coca Cola Dr, Hanover, Maryland, 21076",PointAddress,Hanover,21076,USA,0,-76.730794,39.184972,20101871,2010,1869,Priority Worldwide Services,7361 Coca Cola Dr, ,Hanover,21076,Logistics & Transportation,1984,27830959,45,1.456,1,24003,MD,Anne Arundel County,24,12580,"Baltimore-Towson, MD Metropolitan Statistical Area","Baltimore-Towson, MD",739,24,27,601204,24027601204,6012.04,Census Tract 6012.04,G5020,S,7015393,18528,39.191697,-76.7424073
USA.StreetAddress,M,92.08,A,"8894 Stanford Blvd, Columbia, Maryland, 21045",StreetAddress,Columbia,21045,USA,0,-76.8163,39.191977,20133020,2013,3022,2HB Software Designs,8894 Stanford Blvd,Suite 301,Columbia,21044,Government Services,1994,4613827,25,1.1086,1,24027,MD,Howard County,24,12580,"Baltimore-Towson, MD Metropolitan Statistical Area","Baltimore-Towson, MD",742,24,27,606707,24027606707,6067.07,Census Tract 6067.07,G5020,S,10502149,38165,39.1765199,-76.8246994
USA.PointAddress,M,100,A,"6700 Alexander Bell Dr, Columbia, Maryland, 21046",PointAddress,Columbia,21046,USA,0,-76.809839,39.185226,20112065,2011,2065,Academy Solutions Group,"6700 Alexander Bell Dr, Suite 195", ,Columbia,21046,Government Services,0,4256362,27,1.222456,1,24027,MD,Howard County,24,12580,"Baltimore-Towson, MD Metropolitan Statistical Area","Baltimore-Towson, MD",742,24,27,606707,24027606707,6067.07,Census Tract 6067.07,G5020,S,10502149,38165,39.1765199,-76.8246994
USA.PointAddress,M,100,A,"7151 Columbia Gateway Dr, Columbia, Maryland, 21046",PointAddress,Columbia,21046,USA,0,-76.806516,39.180601,20142918,2014,2918,ADG Creative,7151 Columbia Gateway Dr.,Suite B,Columbia,21046,Advertising & Marketing,1991,10406000,70,1.2456,1,24027,MD,Howard County,24,12580,"Baltimore-Towson, MD Metropolitan Statistical Area","Baltimore-Towson, MD",742,24,27,606707,24027606707,6067.07,Census Tract 6067.07,G5020,S,10502149,38165,39.1765199,-76.8246994
USA.PointAddress,M,100,A,"8825 Stanford Blvd, Columbia, Maryland, 21045",PointAddress,Columbia,21045,USA,0,-76.817267,39.189281,20111604,2011,1604,BoxTone,8825 Stanford Blvd,Suite 200,Columbia,21045,Software,2005,8415000,74,1.704918,1,24027,MD,Howard County,24,12580,"Baltimore-Towson, MD Metropolitan Statistical Area","Baltimore-Towson, MD",742,24,27,606707,24027606707,6067.07,Census Tract 6067.07,G5020,S,10502149,38165,39.1765199,-76.8246994
USA.PointAddress,M,100,A,"9520 Gerwig Ln, Columbia, Maryland, 21046",PointAddress,Columbia,21046,USA,0,-76.840055,39.171446,20122141,2012,2141,EventEQ,9520 Gerwig Lane,Suite T,Columbia,21046,Business Products & Services,2007,4769697,25,1.213,1,24027,MD,Howard County,24,12580,"Baltimore-Towson, MD Metropolitan Statistical Area","Baltimore-Towson, MD",742,24,27,606707,24027606707,6067.07,Census Tract 6067.07,G5020,S,10502149,38165,39.1765199,-76.8246994
USA.PointAddress,M,100,A,"8840 Stanford Blvd, Columbia, Maryland, 21045",PointAddress,Columbia,21045,USA,0,-76.817196,39.189341,20092554,2009,2555,Evolution,8840 Stanford Blvd,Suite 1800,Columbia,21045,IT Services,2002,7936406,12,1.167,1,24027,MD,Howard County,24,12580,"Baltimore-Towson, MD Metropolitan Statistical Area","Baltimore-Towson, MD",742,24,27,606707,24027606707,6067.07,Census Tract 6067.07,G5020,S,10502149,38165,39.1765199,-76.8246994
USA.PointAddress,M,100,A,"9520 Berger Rd, Columbia, Maryland, 21046",PointAddress,Columbia,21046,USA,0,-76.841625,39.174155,20152229,2015,2229,H&S Resources,9520 Berger Road,Suite 302,Columbia,21046,Government Services,2006,11416547,128,1.7505,1,24027,MD,Howard County,24,12580,"Baltimore-Towson, MD Metropolitan Statistical Area","Baltimore-Towson, MD",742,24,27,606707,24027606707,6067.07,Census Tract 6067.07,G5020,S,10502149,38165,39.1765199,-76.8246994
USA.PointAddress,M,100,A,"8894 Stanford Blvd, Columbia, Maryland, 21045",PointAddress,Columbia,21045,USA,0,-76.815867,39.192451,20133347,2013,3349,Kenjya,8894 Stanford Blvd,Suite 400,Columbia,21045,Government Services,2002,24238283,57,0.9376,1,24027,MD,Howard County,24,12580,"Baltimore-Towson, MD Metropolitan Statistical Area","Baltimore-Towson, MD",742,24,27,606707,24027606707,6067.07,Census Tract 6067.07,G5020,S,10502149,38165,39.1765199,-76.8246994
USA.PointAddress,M,100,A,"7001 Columbia Gateway Dr, Columbia, Maryland, 21046",PointAddress,Columbia,21046,USA,0,-76.800559,39.17717,20092753,2009,2754,Merkle,7001 Columbia Gateway Dr,N/A,Columbia,21046,Advertising & Marketing,1971,232600000,1171,1.048,1,24027,MD,Howard County,24,12580,"Baltimore-Towson, MD Metropolitan Statistical Area","Baltimore-Towson, MD",742,24,27,606707,24027606707,6067.07,Census Tract 6067.07,G5020,S,10502149,38165,39.1765199,-76.8246994
USA.PointAddress,M,100,A,"7075 Samuel Morse Dr, Columbia, Maryland, 21046",PointAddress,Columbia,21046,USA,0,-76.811476,39.169176,20111340,2011,1341,Next Century,"7075 Samuel Morse Drive, Suite 250", ,Columbia,21046,IT Services,0,15966080,65,2.137636,1,24027,MD,Howard County,24,12580,"Baltimore-Towson, MD Metropolitan Statistical Area","Baltimore-Towson, MD",742,24,27,606707,24027606707,6067.07,Census Tract 6067.07,G5020,S,10502149,38165,39.1765199,-76.8246994
USA.PointAddress,M,100,A,"6990 Columbia Gateway Dr, Columbia, Maryland, 21046",PointAddress,Columbia,21046,USA,0,-76.800785,39.177201,20140271,2014,271,Optimus Technology,6990 Columbia Gateway Dr.,Suite 350,Columbia,21046,IT Services,2010,2086383,25,17.0156,1,24027,MD,Howard County,24,12580,"Baltimore-Towson, MD Metropolitan Statistical Area","Baltimore-Towson, MD",742,24,27,606707,24027606707,6067.07,Census Tract 6067.07,G5020,S,10502149,38165,39.1765199,-76.8246994
USA.PointAddress,M,100,A,"6811 Benjamin Franklin Dr, Columbia, Maryland, 21046",PointAddress,Columbia,21046,USA,0,-76.799419,39.177177,20143019,2014,3019,PCI Strategic Management,6811 Benjamin Franklin Drive,Suite 200,Columbia,21046,Government Services,2008,35488463,151,1.1825,1,24027,MD,Howard County,24,12580,"Baltimore-Towson, MD Metropolitan Statistical Area","Baltimore-Towson, MD",742,24,27,606707,24027606707,6067.07,Census Tract 6067.07,G5020,S,10502149,38165,39.1765199,-76.8246994
USA.PointAddress,M,100,A,"8894 Stanford Blvd, Columbia, Maryland, 21045",PointAddress,Columbia,21045,USA,0,-76.815867,39.192451,20150685,2015,685,Premier Management,"8894 Stanford Blvd., Suite 405", ,Columbia,21045,Government Services,2004,33959700,189,6.6228,1,24027,MD,Howard County,24,12580,"Baltimore-Towson, MD Metropolitan Statistical Area","Baltimore-Towson, MD",742,24,27,606707,24027606707,6067.07,Census Tract 6067.07,G5020,S,10502149,38165,39.1765199,-76.8246994
USA.StreetAddress,M,100,A,"6760 Alexander Bell Dr, Columbia, Maryland, 21046",StreetAddress,Columbia,21046,USA,0,-76.810359,39.185602,20142895,2014,2895,Prime Solutions,6760 Alexander Bell Drive,Suite 210,Columbia,21046,Government Services,2003,13824843,57,1.2594,1,24027,MD,Howard County,24,12580,"Baltimore-Towson, MD Metropolitan Statistical Area","Baltimore-Towson, MD",742,24,27,606707,24027606707,6067.07,Census Tract 6067.07,G5020,S,10502149,38165,39.1765199,-76.8246994
USA.PointAddress,M,100,A,"9810 Patuxent Woods Dr, Columbia, Maryland, 21046",PointAddress,Columbia,21046,USA,0,-76.852467,39.17656,20112288,2011,2288,Seeds of Genius,9810 Patuxent Woods Dr.,Suite J,Columbia,21046,IT Services,2004,12858943,8,1.062835,1,24027,MD,Howard County,24,12580,"Baltimore-Towson, MD Metropolitan Statistical Area","Baltimore-Towson, MD",742,24,27,606707,24027606707,6067.07,Census Tract 6067.07,G5020,S,10502149,38165,39.1765199,-76.8246994
USA.StreetAddress,M,100,A,"8830 Stanford Blvd, Columbia, Maryland, 21045",StreetAddress,Columbia,21045,USA,0,-76.817194,39.189366,20131160,2013,1162,StrategicHealthSolutions,8830 Stanford Boulevard,Suite 405,Columbia,21045,Government Services,1997,19384361,128,3.609,1,24027,MD,Howard County,24,12580,"Baltimore-Towson, MD Metropolitan Statistical Area","Baltimore-Towson, MD",742,24,27,606707,24027606707,6067.07,Census Tract 6067.07,G5020,S,10502149,38165,39.1765199,-76.8246994
USA.PointAddress,M,100,A,"7063 Columbia Gateway Dr, Columbia, Maryland, 21046",PointAddress,Columbia,21046,USA,0,-76.807972,39.172744,20121213,2012,1213,Tenable Network Security,7063 Columbia Gateway Drive,Suite 100,Columbia,21046,Security,2002,38363016,145,2.585,1,24027,MD,Howard County,24,12580,"Baltimore-Towson, MD Metropolitan Statistical Area","Baltimore-Towson, MD",742,24,27,606707,24027606707,6067.07,Census Tract 6067.07,G5020,S,10502149,38165,39.1765199,-76.8246994
USA.PointAddress,M,100,A,"8894 Stanford Blvd, Columbia, Maryland, 21045",PointAddress,Columbia,21045,USA,0,-76.815867,39.192451,20111279,2011,1280,The Kenjya Group,8894 Stanford Blvd,Suite 400,Columbia,21045,Government Services,0,22385000,50,2.265756,1,24027,MD,Howard County,24,12580,"Baltimore-Towson, MD Metropolitan Statistical Area","Baltimore-Towson, MD",742,24,27,606707,24027606707,6067.07,Census Tract 6067.07,G5020,S,10502149,38165,39.1765199,-76.8246994
USA.PointAddress,M,100,A,"9305 Gerwig Ln, Columbia, Maryland, 21046",PointAddress,Columbia,21046,USA,0,-76.837989,39.167724,20140447,2014,447,TheraPearl,9305 Gerwig Lane,Suite Q,Columbia,21046,Consumer Products & Services,2008,9467785,17,10.6825,1,24027,MD,Howard County,24,12580,"Baltimore-Towson, MD Metropolitan Statistical Area","Baltimore-Towson, MD",742,24,27,606707,24027606707,6067.07,Census Tract 6067.07,G5020,S,10502149,38165,39.1765199,-76.8246994
USA.StreetAddress,M,100,A,"6996 Columbia Gateway Dr, Columbia, Maryland, 21046",StreetAddress,Columbia,21046,USA,0,-76.800884,39.177092,20153735,2015,3735,UMBC Training Centers,6996 Columbia Gateway Drive,Suite 100,Columbia,21046,Education,2000,9056624,31,0.8247,1,24027,MD,Howard County,24,12580,"Baltimore-Towson, MD Metropolitan Statistical Area","Baltimore-Towson, MD",742,24,27,606707,24027606707,6067.07,Census Tract 6067.07,G5020,S,10502149,38165,39.1765199,-76.8246994
USA.PointAddress,M,100,A,"8825 Stanford Blvd, Columbia, Maryland, 21045",PointAddress,Columbia,21045,USA,0,-76.817267,39.189281,20151098,2015,1098,VersaTech,8825 Stanford Blvd,Suite 140,Columbia,21045,IT Services,2005,10832000,40,3.9378,1,24027,MD,Howard County,24,12580,"Baltimore-Towson, MD Metropolitan Statistical Area","Baltimore-Towson, MD",742,24,27,606707,24027606707,6067.07,Census Tract 6067.07,G5020,S,10502149,38165,39.1765199,-76.8246994
USA.PointAddress,M,100,A,"6700 Alexander Bell Dr, Columbia, Maryland, 21046",PointAddress,Columbia,21046,USA,0,-76.809839,39.185226,20150924,2015,924,Visionist,6700 Alexander Bell Drive,Suite 440,Columbia,21046,Government Services,2010,14853000,61,4.8361,1,24027,MD,Howard County,24,12580,"Baltimore-Towson, MD Metropolitan Statistical Area","Baltimore-Towson, MD",742,24,27,606707,24027606707,6067.07,Census Tract 6067.07,G5020,S,10502149,38165,39.1765199,-76.8246994
USA.Postal,M,100,A,"21045, Columbia, Maryland",Postal,Columbia,21045,USA,0,-76.81455,39.207974,20151737,2015,1737,Zavda,"Zavda Technologies, LLC","9250 Bendix Road, Suite 540",Columbia,21045,Government Services,2006,5193929,45,2.3166,1,24027,MD,Howard County,24,12580,"Baltimore-Towson, MD Metropolitan Statistical Area","Baltimore-Towson, MD",744,24,27,606606,24027606606,6066.06,Census Tract 6066.06,G5020,S,2351922,923,39.2089041,-76.8102202
USA.PointAddress,M,100,A,"7761 Waterloo Rd, Jessup, Maryland, 20794",PointAddress,Jessup,20794,USA,0,-76.778827,39.157237,20080412,2008,412,Chesapeake Solar LLC,7761 Waterloo Road, ,Jessup,20794,Energy,2000,2215600,15,7.5412,1,24027,MD,Howard County,24,12580,"Baltimore-Towson, MD Metropolitan Statistical Area","Baltimore-Towson, MD",745,24,27,601203,24027601203,6012.03,Census Tract 6012.03,G5020,S,8891356,4381,39.1783696,-76.7637169
USA.PointAddress,M,100,A,"7575 Washington Blvd, Elkridge, Maryland, 21075",PointAddress,Elkridge,21075,USA,0,-76.773035,39.177686,20121962,2012,1962,E-Structors,7575 Washington Blvd., ,Elkridge,21075,Environmental Services,2003,7108662,135,1.374,1,24027,MD,Howard County,24,12580,"Baltimore-Towson, MD Metropolitan Statistical Area","Baltimore-Towson, MD",745,24,27,601203,24027601203,6012.03,Census Tract 6012.03,G5020,S,8891356,4381,39.1783696,-76.7637169
USA.PointAddress,M,100,A,"6085 Marshalee Dr, Elkridge, Maryland, 21075",PointAddress,Elkridge,21075,USA,0,-76.77565,39.205933,20142886,2014,2886,Edwards Project Solutions,6085 Marshalee Drive,Suite 140,Elkridge,21075,Business Products & Services,1997,8579062,44,1.2672,1,24027,MD,Howard County,24,12580,"Baltimore-Towson, MD Metropolitan Statistical Area","Baltimore-Towson, MD",746,24,27,601103,24027601103,6011.03,Census Tract 6011.03,G5020,S,4738300,18623,39.2069902,-76.7716872
USA.PointAddress,M,100,A,"6085 Marshalee Dr, Elkridge, Maryland, 21075",PointAddress,Elkridge,21075,USA,0,-76.77565,39.205933,20152285,2015,2285,WebMechanix,6085 Marshalee Dr,Suite 100,Elkridge,21075,Advertising & Marketing,2009,2155889,25,1.7011,1,24027,MD,Howard County,24,12580,"Baltimore-Towson, MD Metropolitan Statistical Area","Baltimore-Towson, MD",746,24,27,601103,24027601103,6011.03,Census Tract 6011.03,G5020,S,4738300,18623,39.2069902,-76.7716872
USA.PointAddress,M,100,A,"6518 Meadowridge Rd, Elkridge, Maryland, 21075",PointAddress,Elkridge,21075,USA,0,-76.774246,39.192366,20122774,2012,2773,Aegis Mobile,6518 Meadowridge Road,Suite 120,Elkridge,21075,IT Services,2006,9890517,37,0.833,1,24027,MD,Howard County,24,12580,"Baltimore-Towson, MD Metropolitan Statistical Area","Baltimore-Towson, MD",747,24,27,601108,24027601108,6011.08,Census Tract 6011.08,G5020,S,2652684,0,39.2020388,-76.7863797
USA.PointAddress,M,100,A,"114 S Main St, Mt Airy, Maryland, 21771",PointAddress,Mt Airy,21771,USA,0,-77.154893,39.376422,20130838,2013,840,Daytner Construction,114 S. Main Street,Suite 202,Mount Airy,21771,Construction,2003,22762321,11,5.3242,1,24013,MD,Carroll County,24,12580,"Baltimore-Towson, MD Metropolitan Statistical Area","Baltimore-Towson, MD",750,24,13,513001,24013513001,5130.01,Census Tract 5130.01,G5020,S,10899630,45618,39.399685,-77.140079
USA.PointAddress,M,98.96,A,"5525 Adam's Ridge Rd, Clarksville, Maryland, 21029",PointAddress,Clarksville,21029,USA,0,-76.961464,39.214683,20101751,2010,1749,Battle Resource Management,5525 Adams Ridge Road, ,Clarksville,21029,Government Services,2004,4252000,19,1.579,1,24027,MD,Howard County,24,12580,"Baltimore-Towson, MD Metropolitan Statistical Area","Baltimore-Towson, MD",753,24,27,605103,24027605103,6051.03,Census Tract 6051.03,G5020,S,31029846,868592,39.1948501,-76.9868964
USA.PointAddress,M,98.96,A,"5525 Adam's Ridge Rd, Clarksville, Maryland, 21029",PointAddress,Clarksville,21029,USA,0,-76.961464,39.214683,20131246,2013,1248,BRMi,5525 Adams Ridge Road, ,Clarksville,21029,Government Services,2004,17853334,70,3.299,1,24027,MD,Howard County,24,12580,"Baltimore-Towson, MD Metropolitan Statistical Area","Baltimore-Towson, MD",753,24,27,605103,24027605103,6051.03,Census Tract 6051.03,G5020,S,31029846,868592,39.1948501,-76.9868964
USA.PointAddress,M,100,A,"13330 Clarksville Pike, Highland, Maryland, 20777",PointAddress,Highland,20777,USA,0,-76.956744,39.180142,20081930,2008,1925,ProBuilt Construction Inc,13330 Clarksville Pike, ,Highland,20777,Construction,1981,4400000,25,1.9333,1,24027,MD,Howard County,24,12580,"Baltimore-Towson, MD Metropolitan Statistical Area","Baltimore-Towson, MD",753,24,27,605103,24027605103,6051.03,Census Tract 6051.03,G5020,S,31029846,868592,39.1948501,-76.9868964
USA.PointAddress,M,100,A,"10294 Baltimore National Pike, Ellicott City, Maryland, 21042",PointAddress,Ellicott City,21042,USA,0,-76.867288,39.280288,20152955,2015,2955,Resourcesys,10294 Baltimore National Pike,Suite #A,Ellicott City,21042,IT Services,1999,3899908,30,1.1874,1,24027,MD,Howard County,24,12580,"Baltimore-Towson, MD Metropolitan Statistical Area","Baltimore-Towson, MD",757,24,27,602201,24027602201,6022.01,Census Tract 6022.01,G5020,S,4611548,6125,39.2900228,-76.8721238
USA.PointAddress,M,100,A,"10260 Baltimore National Pike, Ellicott City, Maryland, 21042",PointAddress,Ellicott City,21042,USA,0,-76.866599,39.280188,20092398,2009,2399,SCD Information Technology,10260 Baltimore National Pike,N/A,Ellicott City,21042,IT Services,1996,3227800,49,1.266,1,24027,MD,Howard County,24,12580,"Baltimore-Towson, MD Metropolitan Statistical Area","Baltimore-Towson, MD",757,24,27,602201,24027602201,6022.01,Census Tract 6022.01,G5020,S,4611548,6125,39.2900228,-76.8721238
USA.StreetAddress,M,100,A,"900 S Main St, Bel Air, Maryland, 21014",StreetAddress,Bel Air,21014,USA,0,-76.339755,39.526426,20091954,2009,1955,Beacon Associates,900A South Main Street,Ste 102,Bel Air,21014,Government Services,2001,7248500,100,1.633,1,24025,MD,Harford County,24,12580,"Baltimore-Towson, MD Metropolitan Statistical Area","Baltimore-Towson, MD",775,24,25,303501,24025303501,3035.01,Census Tract 3035.01,G5020,S,8571571,29699,39.5102735,-76.343587
USA.PointAddress,M,100,A,"424 4th St, Annapolis, Maryland, 21403",PointAddress,Annapolis,21403,USA,0,-76.482283,38.971259,20150823,2015,823,DATUM,424 Fourth Street,Suite C,Annapolis,21403,IT Services,2009,8942896,48,5.401,1,24003,MD,Anne Arundel County,24,12580,"Baltimore-Towson, MD Metropolitan Statistical Area","Baltimore-Towson, MD",818,24,3,706302,24003706302,7063.02,Census Tract 7063.02,G5020,S,1435327,977685,38.9687794,-76.4822873
USA.StreetAddress,M,100,A,"312 3rd St, Annapolis, Maryland, 21403",StreetAddress,Annapolis,21403,USA,0,-76.481964,38.972672,20083652,2008,3647,"JBI Technologies, Inc.",312 Third Street, ,Annapolis,21403,Business Products & Services,1995,4418832,0,0.8688,1,24003,MD,Anne Arundel County,24,12580,"Baltimore-Towson, MD Metropolitan Statistical Area","Baltimore-Towson, MD",818,24,3,706302,24003706302,7063.02,Census Tract 7063.02,G5020,S,1435327,977685,38.9687794,-76.4822873
USA.StreetAddress,M,100,A,"222 Severn Ave, Annapolis, Maryland, 21403",StreetAddress,Annapolis,21403,USA,0,-76.480757,38.972713,20142799,2014,2799,"Radius (Annapolis, MD)",222 Severn Ave #100, ,Annapolis,21403,Business Products & Services,2003,34675000,94,1.3205,1,24003,MD,Anne Arundel County,24,12580,"Baltimore-Towson, MD Metropolitan Statistical Area","Baltimore-Towson, MD",818,24,3,706302,24003706302,7063.02,Census Tract 7063.02,G5020,S,1435327,977685,38.9687794,-76.4822873
USA.StreetAddress,M,100,A,"303 2nd St, Annapolis, Maryland, 21403",StreetAddress,Annapolis,21403,USA,0,-76.481205,38.973672,20082113,2008,2107,TECHNOLOGY SPECIALISTS INC. (TSI),303 SECOND STREET,SUITE E,Annapolis,21403,Government Services,1987,16137570,10,1.7554,1,24003,MD,Anne Arundel County,24,12580,"Baltimore-Towson, MD Metropolitan Statistical Area","Baltimore-Towson, MD",818,24,3,706302,24003706302,7063.02,Census Tract 7063.02,G5020,S,1435327,977685,38.9687794,-76.4822873
USA.PointAddress,M,100,A,"530 McCormick Dr, Glen Burnie, Maryland, 21061",PointAddress,Glen Burnie,21061,USA,0,-76.674228,39.157233,20122109,2012,2109,Vision Technologies,530 McCormick Drive,Suite G,Glen Burnie,21061,IT Services,2000,78586000,315,1.235,1,24003,MD,Anne Arundel County,24,12580,"Baltimore-Towson, MD Metropolitan Statistical Area","Baltimore-Towson, MD",826,24,3,751400,24003751400,7514,Census Tract 7514,G5020,S,10905731,0,39.1490796,-76.6739798
USA.StreetAddress,M,100,A,"910 Commerce Rd, Annapolis, Maryland, 21401",StreetAddress,Annapolis,21401,USA,0,-76.546575,38.994151,20082822,2008,2815,Aarcher,910 Commerce Road, ,Annapolis,21401,Environmental Services,1997,4581671,31,1.2872,1,24003,MD,Anne Arundel County,24,12580,"Baltimore-Towson, MD Metropolitan Statistical Area","Baltimore-Towson, MD",831,24,3,702702,24003702702,7027.02,Census Tract 7027.02,G5020,S,13312998,3912602,39.0169711,-76.5514142
USA.PointAddress,M,100,A,"900 Bestgate Rd, Annapolis, Maryland, 21401",PointAddress,Annapolis,21401,USA,0,-76.545758,38.992277,20110620,2011,621,Bay Bridge Decision Technologies,900 Bestgate Road,Suite 210,Annapolis,21401,Business Products & Services,2000,6711383,39,5.197979,1,24003,MD,Anne Arundel County,24,12580,"Baltimore-Towson, MD Metropolitan Statistical Area","Baltimore-Towson, MD",831,24,3,702702,24003702702,7027.02,Census Tract 7027.02,G5020,S,13312998,3912602,39.0169711,-76.5514142
USA.StreetAddress,M,100,A,"1121 Annapolis Rd, Odenton, Maryland, 21113",StreetAddress,Odenton,21113,USA,0,-76.688893,39.081213,20100234,2010,232,EmoryDay,"1121 Annapolis Rd, #298", ,Odenton,21113,Advertising & Marketing,2005,4980674,8,13.126,1,24003,MD,Anne Arundel County,24,12580,"Baltimore-Towson, MD Metropolitan Statistical Area","Baltimore-Towson, MD",836,24,3,740304,24003740304,7403.04,Census Tract 7403.04,G5020,S,6482416,0,39.0898727,-76.6931394
USA.PointAddress,M,100,A,"1780 Crossroads Dr, Odenton, Maryland, 21113",PointAddress,Odenton,21113,USA,0,-76.689502,39.088405,20111621,2011,1621,Gasch Printing,1780 Crossroads Drive, ,Odenton,21113,Business Products & Services,1982,2647063,15,1.6792,1,24003,MD,Anne Arundel County,24,12580,"Baltimore-Towson, MD Metropolitan Statistical Area","Baltimore-Towson, MD",836,24,3,740304,24003740304,7403.04,Census Tract 7403.04,G5020,S,6482416,0,39.0898727,-76.6931394
USA.PointAddress,M,100,A,"1360 Blair Dr, Odenton, Maryland, 21113",PointAddress,Odenton,21113,USA,0,-76.701914,39.089768,20120091,2012,91,M-Edge Accessories,1360 Blair Dr.,Suite M,Odenton,21113,Consumer Products & Services,2006,37233900,55,31.852,1,24003,MD,Anne Arundel County,24,12580,"Baltimore-Towson, MD Metropolitan Statistical Area","Baltimore-Towson, MD",836,24,3,740304,24003740304,7403.04,Census Tract 7403.04,G5020,S,6482416,0,39.0898727,-76.6931394
USA.PointAddress,M,100,A,"7467 Ridge Rd, Hanover, Maryland, 21076",PointAddress,Hanover,21076,USA,0,-76.71185,39.162079,20110217,2011,218,Ciphent,7467 Ridge Road,Suite 100,Hanover,21076,Security,2006,18350000,110,14.42017,1,24003,MD,Anne Arundel County,24,12580,"Baltimore-Towson, MD Metropolitan Statistical Area","Baltimore-Towson, MD",839,24,3,751200,24003751200,7512,Census Tract 7512,G5020,S,24802059,95429,39.1924169,-76.6953868
USA.PointAddress,M,100,A,"939 Elkridge Landing Rd, Linthicum, Maryland, 21090",PointAddress,Linthicum,21090,USA,0,-76.684698,39.203392,20100079,2010,78,clearAvenue,939 Elkridge Landing Road, ,Linthicum,21090,IT Services,2002,8158921,22,31.075,1,24003,MD,Anne Arundel County,24,12580,"Baltimore-Towson, MD Metropolitan Statistical Area","Baltimore-Towson, MD",839,24,3,751200,24003751200,7512,Census Tract 7512,G5020,S,24802059,95429,39.1924169,-76.6953868
USA.PointAddress,M,100,A,"7030 Dorsey Rd, Hanover, Maryland, 21076",PointAddress,Hanover,21076,USA,0,-76.726744,39.170872,20151196,2015,1196,ClearShark,7030 Dorsey Road,Suite 102,Hanover,21076,IT Services,2001,134300000,30,3.5104,1,24003,MD,Anne Arundel County,24,12580,"Baltimore-Towson, MD Metropolitan Statistical Area","Baltimore-Towson, MD",839,24,3,751200,24003751200,7512,Census Tract 7512,G5020,S,24802059,95429,39.1924169,-76.6953868
USA.PointAddress,M,100,A,"891 Elkridge Landing Rd, Linthicum Heights, Maryland, 21090",PointAddress,Linthicum Heights,21090,USA,0,-76.68593,39.201303,20151890,2015,1890,Infojini,891 elkridge landing road,suite 190,linthicum heights,21090,IT Services,2006,7487543,65,2.095,1,24003,MD,Anne Arundel County,24,12580,"Baltimore-Towson, MD Metropolitan Statistical Area","Baltimore-Towson, MD",839,24,3,751200,24003751200,7512,Census Tract 7512,G5020,S,24802059,95429,39.1924169,-76.6953868
USA.PointAddress,M,100,A,"7240 Parkway Dr, Hanover, Maryland, 21076",PointAddress,Hanover,21076,USA,0,-76.732875,39.174262,20143100,2014,3100,Inovex Information Systems,7240 Parkway Drive,Suite 140,Hanover,21076,Government Services,2004,14639000,80,1.1408,1,24003,MD,Anne Arundel County,24,12580,"Baltimore-Towson, MD Metropolitan Statistical Area","Baltimore-Towson, MD",839,24,3,751200,24003751200,7512,Census Tract 7512,G5020,S,24802059,95429,39.1924169,-76.6953868
USA.PointAddress,M,100,A,"521 Progress Dr, Linthicum Heights, Maryland, 21090",PointAddress,Linthicum Heights,21090,USA,0,-76.671251,39.217694,20092751,2009,2752,Respira Medical,"521 Progress Drive, Suites A-C",BWI Technology Park,Linthicum Heights,21090,Health,2001,7029556,48,1.05,1,24003,MD,Anne Arundel County,24,12580,"Baltimore-Towson, MD Metropolitan Statistical Area","Baltimore-Towson, MD",839,24,3,751200,24003751200,7512,Census Tract 7512,G5020,S,24802059,95429,39.1924169,-76.6953868
USA.PointAddress,M,100,A,"1344 Ashton Rd, Hanover, Maryland, 21076",PointAddress,Hanover,21076,USA,0,-76.709157,39.159319,20100507,2010,505,Sage Management,1344 Ashton Road, ,Hanover,21076,Government Services,2004,7906116,60,5.963,1,24003,MD,Anne Arundel County,24,12580,"Baltimore-Towson, MD Metropolitan Statistical Area","Baltimore-Towson, MD",839,24,3,751200,24003751200,7512,Census Tract 7512,G5020,S,24802059,95429,39.1924169,-76.6953868
USA.PointAddress,M,100,A,"7455 New Ridge Rd, Hanover, Maryland, 21076",PointAddress,Hanover,21076,USA,0,-76.705438,39.17042,20092782,2009,2783,Structural Group,7455 New Ridge Road,Suite T,Hanover,21076,Construction,1976,432800000,1900,1.03,1,24003,MD,Anne Arundel County,24,12580,"Baltimore-Towson, MD Metropolitan Statistical Area","Baltimore-Towson, MD",839,24,3,751200,24003751200,7512,Census Tract 7512,G5020,S,24802059,95429,39.1924169,-76.6953868
USA.StreetAddress,M,100,A,"1362 Mellon Rd, Hanover, Maryland, 21076",StreetAddress,Hanover,21076,USA,0,-76.71043,39.160496,20110795,2011,796,Summit Solutions,1362 Mellon Road,Suite 140,Hanover,21076,Government Services,2002,19601530,70,3.938751,1,24003,MD,Anne Arundel County,24,12580,"Baltimore-Towson, MD Metropolitan Statistical Area","Baltimore-Towson, MD",839,24,3,751200,24003751200,7512,Census Tract 7512,G5020,S,24802059,95429,39.1924169,-76.6953868
USA.StreetAddress,M,100,A,"6204 Frankford Ave, Baltimore, Maryland, 21206",StreetAddress,Baltimore,21206,USA,0,-76.539906,39.318142,20133845,2013,3846,Ram Supply Company,6204 Frankford Avenue, ,Baltimore,21206,Business Products & Services,1980,2506606,10,0.7369,1,24510,MD,Baltimore city,24,12580,"Baltimore-Towson, MD Metropolitan Statistical Area","Baltimore-Towson, MD",906,24,510,260402,24510260402,2604.02,Census Tract 2604.02,G5020,S,1338498,0,39.3168618,-76.541276
USA.PointAddress,M,100,A,"101 N Haven St, Baltimore, Maryland, 21224",PointAddress,Baltimore,21224,USA,0,-76.562866,39.294263,20140876,2014,876,RPI Consultants,101 N Haven St,Suite 201,Baltimore,21224,IT Services,1999,9489503,36,5.1247,1,24510,MD,Baltimore city,24,12580,"Baltimore-Towson, MD Metropolitan Statistical Area","Baltimore-Towson, MD",907,24,510,260404,24510260404,2604.04,Census Tract 2604.04,G5020,S,4467269,0,39.3000661,-76.5528622
USA.PointAddress,M,100,A,"532 E 25th St, Baltimore, Maryland, 21218",PointAddress,Baltimore,21218,USA,0,-76.607982,39.318198,20151659,2015,1659,IVY Services,532 E. 25th Street, ,Baltimore,21218,Business Products & Services,2004,7088062,3,2.4537,1,24510,MD,Baltimore city,24,12580,"Baltimore-Towson, MD Metropolitan Statistical Area","Baltimore-Towson, MD",916,24,510,90800,24510090800,908,Census Tract 908,G5020,S,846052,0,39.3155244,-76.603691
USA.PointAddress,M,100,A,"1501 S Clinton St, Baltimore, Maryland, 21224",PointAddress,Baltimore,21224,USA,0,-76.569217,39.275414,20120392,2012,392,ClearOne Advantage,1501 S. Clinton Street,Suite 320,Baltimore,21224,Financial Services,2007,6047098,54,9.588,1,24510,MD,Baltimore city,24,12580,"Baltimore-Towson, MD Metropolitan Statistical Area","Baltimore-Towson, MD",958,24,510,260605,24510260605,2606.05,Census Tract 2606.05,G5020,S,10007417,7154314,39.2583782,-76.5496645
USA.PointAddress,M,100,A,"1501 S Clinton St, Baltimore, Maryland, 21224",PointAddress,Baltimore,21224,USA,0,-76.569217,39.275414,20131063,2013,1065,DoublePositive,1501 S Clinton St, ,Baltimore,21224,Advertising & Marketing,2004,26228000,70,3.9684,1,24510,MD,Baltimore city,24,12580,"Baltimore-Towson, MD Metropolitan Statistical Area","Baltimore-Towson, MD",958,24,510,260605,24510260605,2606.05,Census Tract 2606.05,G5020,S,10007417,7154314,39.2583782,-76.5496645
USA.PointAddress,M,100,A,"5100 Holabird Ave, Baltimore, Maryland, 21224",PointAddress,Baltimore,21224,USA,0,-76.551093,39.271838,20122630,2012,2629,The Pete Store,5100 Holabird Avenue, ,Baltimore,21224,Logistics & Transportation,2001,277100000,207,0.906,1,24510,MD,Baltimore city,24,12580,"Baltimore-Towson, MD Metropolitan Statistical Area","Baltimore-Towson, MD",958,24,510,260605,24510260605,2606.05,Census Tract 2606.05,G5020,S,10007417,7154314,39.2583782,-76.5496645
USA.StreetAddress,M,100,A,"7950 E Baltimore St, Baltimore, Maryland, 21224",StreetAddress,Baltimore,21224,USA,0,-76.515224,39.298948,20090398,2009,399,SEF Stainless Steel,7950 East Baltimore Street,N/A,Baltimore,21224,Construction,2004,2081501,26,6.389,1,24510,MD,Baltimore city,24,12580,"Baltimore-Towson, MD Metropolitan Statistical Area","Baltimore-Towson, MD",978,24,5,452300,24005452300,4523,Census Tract 4523,G5020,S,2318129,223651,39.3019243,-76.5093967
USA.PointAddress,M,100,A,"401 Jefferson Ave, Towson, Maryland, 21286",PointAddress,Towson,21286,USA,0,-76.599146,39.398876,20092038,2009,2039,Glazer-Kennedy Insider\\'s Circle,401 Jefferson Avenue,N/A,Towson,21286,Advertising & Marketing,2004,14950229,27,1.562,1,24005,MD,Baltimore County,24,12580,"Baltimore-Towson, MD Metropolitan Statistical Area","Baltimore-Towson, MD",1005,24,5,490900,24005490900,4909,Census Tract 4909,G5020,S,1509358,0,39.3987338,-76.5944432
USA.PointAddress,M,100,A,"501 Fairmount Ave, Towson, Maryland, 21286",PointAddress,Towson,21286,USA,0,-76.596546,39.400677,20152992,2015,2992,Greenspring Wealth Management,501 Fairmount Avenue,Suite 102,Towson,21286,Financial Services,2004,2985768,13,1.1662,1,24005,MD,Baltimore County,24,12580,"Baltimore-Towson, MD Metropolitan Statistical Area","Baltimore-Towson, MD",1005,24,5,490900,24005490900,4909,Census Tract 4909,G5020,S,1509358,0,39.3987338,-76.5944432
USA.PointAddress,M,100,A,"305 York Rd, Towson, Maryland, 21204",PointAddress,Towson,21204,USA,0,-76.602925,39.39869,20133689,2013,3690,Procare Ambulance of Maryland,305 York Rd. #2, ,Towson,21204,Health,2005,3672209,135,0.7996,1,24005,MD,Baltimore County,24,12580,"Baltimore-Towson, MD Metropolitan Statistical Area","Baltimore-Towson, MD",1005,24,5,490900,24005490900,4909,Census Tract 4909,G5020,S,1509358,0,39.3987338,-76.5944432
USA.PointAddress,M,94.08,A,"8501 La Salle Rd, Towson, Maryland, 21286",PointAddress,Towson,21286,USA,0,-76.57693,39.394179,20102192,2010,2190,MEDEX Global Solutions,"8501 LaSalle Road, Suite 200", ,Baltimore,21286,Insurance,1977,31000000,144,1.173,1,24005,MD,Baltimore County,24,12580,"Baltimore-Towson, MD Metropolitan Statistical Area","Baltimore-Towson, MD",1006,24,5,491201,24005491201,4912.01,Census Tract 4912.01,G5020,S,1693373,0,39.3970121,-76.5745384
USA.PointAddress,M,100,A,"8600 Lasalle Rd, Towson, Maryland, 21286",PointAddress,Towson,21286,USA,0,-76.577203,39.393993,20112765,2011,2764,Senior Helpers,8600 LaSalle Road, ,Towson,21286,Health,2001,6066791,8540,0.8056071,1,24005,MD,Baltimore County,24,12580,"Baltimore-Towson, MD Metropolitan Statistical Area","Baltimore-Towson, MD",1006,24,5,491201,24005491201,4912.01,Census Tract 4912.01,G5020,S,1693373,0,39.3970121,-76.5745384
USA.StreetAddress,M,100,A,"10310 S Dolfield Rd, Owings Mills, Maryland, 21117",StreetAddress,Owings Mills,21117,USA,0,-76.783347,39.413815,20102635,2010,2633,Direct Dimensions,10310 S. Dolfield Road, ,Owings Mills,21117,Engineering,1995,3535000,22,0.885,1,24005,MD,Baltimore County,24,12580,"Baltimore-Towson, MD Metropolitan Statistical Area","Baltimore-Towson, MD",1030,24,5,404102,24005404102,4041.02,Census Tract 4041.02,G5020,S,4713526,0,39.4231213,-76.7942606
USA.StreetAddress,M,95.79,A,"7000 Security Blvd, Windsor Mill, Maryland, 21244",StreetAddress,Windsor Mill,21244,USA,0,-76.752515,39.313039,20151581,2015,1581,SplendTek,7000 Security Blvd,Suite 124,Baltimore,21244,IT Services,2008,5900000,120,2.5671,1,24005,MD,Baltimore County,24,12580,"Baltimore-Towson, MD Metropolitan Statistical Area","Baltimore-Towson, MD",1031,24,5,401507,24005401507,4015.07,Census Tract 4015.07,G5020,S,2715586,0,39.3133819,-76.7546838
USA.PointAddress,M,96.07,A,"300 Reisterstown Rd, Pikesville, Maryland, 21208",PointAddress,Pikesville,21208,USA,0,-76.715144,39.366269,20150477,2015,477,CG Phones,300 Reisterstown Rd,Building E,Baltimore,21208,Consumer Products & Services,2011,7174233,27,9.7445,1,24005,MD,Baltimore County,24,12580,"Baltimore-Towson, MD Metropolitan Statistical Area","Baltimore-Towson, MD",1034,24,5,403402,24005403402,4034.02,Census Tract 4034.02,G5020,S,3585771,35807,39.3741504,-76.7168009
USA.StreetAddress,M,95.6,A,"5523 Research Park Dr, Catonsville, Maryland, 21228",StreetAddress,Catonsville,21228,USA,0,-76.714722,39.248744,20151611,2015,1611,Audacious Inquiry,"5523 Research Park Drive, Suite 370", ,Baltimore,21228,Software,2004,12465601,49,2.526,1,24005,MD,Baltimore County,24,12580,"Baltimore-Towson, MD Metropolitan Statistical Area","Baltimore-Towson, MD",1042,24,5,492500,24005492500,4925,Census Tract 4925,G5020,S,2638987,5681,39.2572864,-76.7118671
USA.StreetAddress,M,100,A,"5523 Research Park Dr, Catonsville, Maryland, 21228",StreetAddress,Catonsville,21228,USA,0,-76.714722,39.248744,20131574,2013,1576,Clear Resolution,5523 Research Park Drive,Suite 240,Catonsville,21228,Government Services,2008,2493939,23,2.5158,1,24005,MD,Baltimore County,24,12580,"Baltimore-Towson, MD Metropolitan Statistical Area","Baltimore-Towson, MD",1042,24,5,492500,24005492500,4925,Census Tract 4925,G5020,S,2638987,5681,39.2572864,-76.7118671
USA.PointAddress,M,95.6,A,"5521 Research Park Dr, Catonsville, Maryland, 21228",PointAddress,Catonsville,21228,USA,0,-76.71463,39.248738,20083924,2008,3919,RWD Technologies,5521 Research Park Drive, ,Baltimore,21228,IT Services,1988,189500000,0,0.7595,1,24005,MD,Baltimore County,24,12580,"Baltimore-Towson, MD Metropolitan Statistical Area","Baltimore-Towson, MD",1042,24,5,492500,24005492500,4925,Census Tract 4925,G5020,S,2638987,5681,39.2572864,-76.7118671
USA.StreetAddress,M,86.51,A,"5523 Research Park Dr, Catonsville, Maryland, 21228",StreetAddress,Catonsville,21228,USA,0,-76.714722,39.248744,20090121,2009,121,Solvern Innovations,5523 Research Park,Suite 230,Baltimore,21228,Government Services,2003,12797000,121,14.155,1,24005,MD,Baltimore County,24,12580,"Baltimore-Towson, MD Metropolitan Statistical Area","Baltimore-Towson, MD",1042,24,5,492500,24005492500,4925,Census Tract 4925,G5020,S,2638987,5681,39.2572864,-76.7118671
USA.PointAddress,M,100,A,"1215 E Fort Ave, Baltimore, Maryland, 21230",PointAddress,Baltimore,21230,USA,0,-76.59668,39.269984,20152198,2015,2198,Mindgrub Technologies,1215 E Fort Ave,Suite 200,Baltimore,21230,Software,2002,3987972,40,1.7823,1,24510,MD,Baltimore city,24,12580,"Baltimore-Towson, MD Metropolitan Statistical Area","Baltimore-Towson, MD",1063,24,510,240100,24510240100,2401,Census Tract 2401,G5020,S,1882252,2352887,39.2651243,-76.5874565
USA.PointAddress,M,100,A,"1500 Whetstone Way, Baltimore, Maryland, 21230",PointAddress,Baltimore,21230,USA,0,-76.59942,39.269917,20130136,2013,136,Videology,1500 Whetstone Way,Suite 500,Baltimore,21230,Advertising & Marketing,2007,137500000,321,27.2735,1,24510,MD,Baltimore city,24,12580,"Baltimore-Towson, MD Metropolitan Statistical Area","Baltimore-Towson, MD",1063,24,510,240100,24510240100,2401,Census Tract 2401,G5020,S,1882252,2352887,39.2651243,-76.5874565
USA.Postal,M,100,A,"21403, Annapolis, Maryland",Postal,Annapolis,21403,USA,0,-76.491333,38.965598,20132465,2013,2467,High Street Partners,"High Street Partners, Inc.","222 Severn Avenue, Suite 100",Annapolis,21403,Business Products & Services,2003,30012728,170,1.4528,1,24003,MD,Anne Arundel County,24,12580,"Baltimore-Towson, MD Metropolitan Statistical Area","Baltimore-Towson, MD",1141,24,3,706402,24003706402,7064.02,Census Tract 7064.02,G5020,S,1113221,149220,38.9652738,-76.493673
USA.StreetAddress,M,100,A,"30 W Aylesbury Rd, Timonium, Maryland, 21093",StreetAddress,Timonium,21093,USA,0,-76.626649,39.437913,20110015,2011,15,Greenspring Energy,30 West Aylesbury Road, ,Timonium,21093,Energy,0,10507721,40,87.30018,1,24005,MD,Baltimore County,24,12580,"Baltimore-Towson, MD Metropolitan Statistical Area","Baltimore-Towson, MD",1208,24,5,408800,24005408800,4088,Census Tract 4088,G5020,S,2937651,0,39.4273663,-76.6286048
USA.PointAddress,M,100,A,"1363 N Main St, Hampstead, Maryland, 21074",PointAddress,Hampstead,21074,USA,0,-76.852669,39.611691,20101038,2010,1036,Meridian Home Mortgage,1363 N Main St, ,Hampstead,21074,Financial Services,2001,4467081,18,2.913,1,24013,MD,Carroll County,24,12580,"Baltimore-Towson, MD Metropolitan Statistical Area","Baltimore-Towson, MD",1218,24,13,508101,24013508101,5081.01,Census Tract 5081.01,G5020,S,20879590,49466,39.6340147,-76.8340409
USA.PointAddress,M,100,A,"5630 Weatherby Dr, Woodbine, Maryland, 21797",PointAddress,Woodbine,21797,USA,0,-77.079776,39.418747,20141360,2014,1360,ClearAbility,5630 Weatherby Drive, ,Woodbine,21797,Government Services,2007,2461254,13,3.1705,1,24027,MD,Howard County,24,12580,"Baltimore-Towson, MD Metropolitan Statistical Area","Baltimore-Towson, MD",1219,24,13,509002,24013509002,5090.02,Census Tract 5090.02,G5020,S,25513685,29206,39.4388686,-77.0948506
USA.StreetAddress,M,90.92,A,"2960 Lonesome Dove Rd, Mount Airy, Maryland, 21771",StreetAddress,Mount Airy,21771,USA,0,-77.097364,39.415078,20133594,2013,3595,Quality IT Partners,"2960 Lonesome Dove, Suite 2000", ,Mount Airy,21771,IT Services,2000,4119347,21,0.8395,1,24013,MD,Carroll County,24,12580,"Baltimore-Towson, MD Metropolitan Statistical Area","Baltimore-Towson, MD",1219,24,13,509002,24013509002,5090.02,Census Tract 5090.02,G5020,S,25513685,29206,39.4388686,-77.0948506
USA.PointAddress,M,100,A,"1922 Ruxton Rd, Towson, Maryland, 21204",PointAddress,Towson,21204,USA,0,-76.656599,39.401388,20083923,2008,3918,FairCode Associates,1922 Ruxton Road, ,Towson,21204,Health,2001,3697418,3,0.7596,1,24005,MD,Baltimore County,24,12580,"Baltimore-Towson, MD Metropolitan Statistical Area","Baltimore-Towson, MD",1235,24,5,490400,24005490400,4904,Census Tract 4904,G5020,S,5799184,247270,39.3974859,-76.6532267
USA.PointAddress,M,100,A,"954 Ridgebrook Rd, Sparks, Maryland, 21152",PointAddress,Sparks,21152,USA,0,-76.64555,39.526127,20102673,2010,2671,Group Insurance Solutions,954 Ridgebrook Road, ,Sparks,21152,Insurance,1981,6431000,50,0.867,1,24005,MD,Baltimore County,24,12580,"Baltimore-Towson, MD Metropolitan Statistical Area","Baltimore-Towson, MD",1239,24,5,408100,24005408100,4081,Census Tract 4081,G5020,S,25976617,296532,39.5321363,-76.6402639
USA.PointAddress,M,100,A,"909 Ridgebrook Rd, Sparks Glencoe, Maryland, 21152",PointAddress,Sparks Glencoe,21152,USA,0,-76.652908,39.525014,20082981,2008,2974,Imre Communications,909 Ridgebrook Road,Suite 300,Sparks Glencoe,21152,Advertising & Marketing,1993,9680000,53,1.2,1,24005,MD,Baltimore County,24,12580,"Baltimore-Towson, MD Metropolitan Statistical Area","Baltimore-Towson, MD",1239,24,5,408100,24005408100,4081,Census Tract 4081,G5020,S,25976617,296532,39.5321363,-76.6402639
USA.StreetAddress,M,95.79,A,"2624 Lord Baltimore Dr, Windsor Mill, Maryland, 21244",StreetAddress,Windsor Mill,21244,USA,0,-76.751304,39.328023,20140123,2014,123,Securityhunter,2624 Lord Baltimore Drive,Suite K,Baltimore,21244,Government Services,1988,35931650,18,29.9834,1,24005,MD,Baltimore County,24,12580,"Baltimore-Towson, MD Metropolitan Statistical Area","Baltimore-Towson, MD",1334,24,5,402407,24005402407,4024.07,Census Tract 4024.07,G5020,S,6497499,4406,39.3409735,-76.7715201
USA.StreetAddress,M,100,A,"7108 Ambassador Rd, Windsor Mill, Maryland, 21244",StreetAddress,Windsor Mill,21244,USA,0,-76.745304,39.323649,20151372,2015,1372,Signature Consulting Group,7108 Ambassador Road,Suite 150,Windsor Mill,21244,IT Services,2008,18930904,56,3.0245,1,24005,MD,Baltimore County,24,12580,"Baltimore-Towson, MD Metropolitan Statistical Area","Baltimore-Towson, MD",1334,24,5,402407,24005402407,4024.07,Census Tract 4024.07,G5020,S,6497499,4406,39.3409735,-76.7715201
USA.StreetAddress,M,100,A,"2810 Lord Baltimore Dr, Windsor Mill, Maryland, 21244",StreetAddress,Windsor Mill,21244,USA,0,-76.752567,39.331451,20153475,2015,3475,Visual Connections,2810 Lord Baltimore Drive, ,Windsor Mill,21244,Government Services,2007,6907569,35,0.9272,1,24005,MD,Baltimore County,24,12580,"Baltimore-Towson, MD Metropolitan Statistical Area","Baltimore-Towson, MD",1334,24,5,402407,24005402407,4024.07,Census Tract 4024.07,G5020,S,6497499,4406,39.3409735,-76.7715201
USA.PointAddress,M,100,A,"300 Redland Ct, Owings Mills, Maryland, 21117",PointAddress,Owings Mills,21117,USA,0,-76.811881,39.425224,20101721,2010,1719,iStrategy Solutions,300 Redland Court, ,Owings Mills,21117,Education,1999,4730000,20,1.619,1,24005,MD,Baltimore County,24,12580,"Baltimore-Towson, MD Metropolitan Statistical Area","Baltimore-Towson, MD",1335,24,5,404101,24005404101,4041.01,Census Tract 4041.01,G5020,S,12749601,99020,39.4243285,-76.8202043
USA.StreetAddress,M,100,A,"170 Jennifer Rd, Annapolis, Maryland, 21401",StreetAddress,Annapolis,21401,USA,0,-76.541644,38.988032,20121349,2012,1349,Corporate Brokers,170 Jennifer Road,Suite 230,Annapolis,21401,Human Resources,2003,24976779,42,2.273,1,24003,MD,Anne Arundel County,24,12580,"Baltimore-Towson, MD Metropolitan Statistical Area","Baltimore-Towson, MD",1347,24,3,702701,24003702701,7027.01,Census Tract 7027.01,G5020,S,4695954,969934,38.9959409,-76.5224484
